Copyright 1986-2022 Xilinx, Inc. All Rights Reserved. Copyright 2022-2026 Advanced Micro Devices, Inc. All Rights Reserved.
------------------------------------------------------------------------------------------------------------------------------------------------------------------------------------------------------------------------------------------
| Tool Version : Vivado v.2026.1 (win64) Build 6511674 Tue Jun 16 11:02:23 MDT 2026
| Date         : Mon Sep 28 12:36:54 2026
| Host         : BOOK-SF3MGKKSOK running 64-bit major release  (build 9200)
| Command      : report_timing_summary -max_paths 10 -routable_nets -report_unconstrained -file lab3_piezo_timing_summary_routed.rpt -pb lab3_piezo_timing_summary_routed.pb -rpx lab3_piezo_timing_summary_routed.rpx -warn_on_violation
| Design       : lab3_piezo
| Device       : 7s75-fgga484
| Speed File   : -1  PRODUCTION 1.23 2018-06-13
| Design State : Routed
------------------------------------------------------------------------------------------------------------------------------------------------------------------------------------------------------------------------------------------

Timing Summary Report

------------------------------------------------------------------------------------------------
| Timer Settings
| --------------
------------------------------------------------------------------------------------------------

  Enable Multi Corner Analysis               :  Yes
  Enable Pessimism Removal                   :  Yes
  Pessimism Removal Resolution               :  Nearest Common Node
  Enable Input Delay Default Clock           :  No
  Enable Preset / Clear Arcs                 :  No
  Disable Flight Delays                      :  No
  Ignore I/O Paths                           :  No
  Timing Early Launch at Borrowing Latches   :  No
  Borrow Time for Max Delay Exceptions       :  Yes
  Merge Timing Exceptions                    :  Yes
  Inter-SLR Compensation                     :  Conservative

  Corner  Analyze    Analyze    
  Name    Max Paths  Min Paths  
  ------  ---------  ---------  
  Slow    Yes        Yes        
  Fast    Yes        Yes        


------------------------------------------------------------------------------------------------
| Report Methodology
| ------------------
------------------------------------------------------------------------------------------------

Rule       Severity  Description                    Violations  
---------  --------  -----------------------------  ----------  
TIMING-18  Warning   Missing input or output delay  1           

Note: This report is based on the most recent report_methodology run and may not be up-to-date. Run report_methodology on the current design for the latest report.



check_timing report

Table of Contents
-----------------
1. checking no_clock (0)
2. checking constant_clock (0)
3. checking pulse_width_clock (0)
4. checking unconstrained_internal_endpoints (0)
5. checking no_input_delay (1)
6. checking no_output_delay (1)
7. checking multiple_clock (0)
8. checking generated_clocks (0)
9. checking loops (0)
10. checking partial_input_delay (0)
11. checking partial_output_delay (0)
12. checking latch_loops (0)

1. checking no_clock (0)
------------------------
 There are 0 register/latch pins with no clock.


2. checking constant_clock (0)
------------------------------
 There are 0 register/latch pins with constant_clock.


3. checking pulse_width_clock (0)
---------------------------------
 There are 0 register/latch pins which need pulse_width check


4. checking unconstrained_internal_endpoints (0)
------------------------------------------------
 There are 0 pins that are not constrained for maximum delay.

 There are 0 pins that are not constrained for maximum delay due to constant clock.


5. checking no_input_delay (1)
------------------------------
 There are 0 input ports with no input delay specified.

 There is 1 input port with no input delay but user has a false path constraint. (MEDIUM)


6. checking no_output_delay (1)
-------------------------------
 There is 1 port with no output delay specified. (HIGH)

 There are 0 ports with no output delay but user has a false path constraint

 There are 0 ports with no output delay but with a timing clock defined on it or propagating through it


7. checking multiple_clock (0)
------------------------------
 There are 0 register/latch pins with multiple clocks.


8. checking generated_clocks (0)
--------------------------------
 There are 0 generated clocks that are not connected to a clock source.


9. checking loops (0)
---------------------
 There are 0 combinational loops in the design.


10. checking partial_input_delay (0)
------------------------------------
 There are 0 input ports with partial input delay specified.


11. checking partial_output_delay (0)
-------------------------------------
 There are 0 ports with partial output delay specified.


12. checking latch_loops (0)
----------------------------
 There are 0 combinational latch loops in the design through latch input



------------------------------------------------------------------------------------------------
| Design Timing Summary
| ---------------------
------------------------------------------------------------------------------------------------

    WNS(ns)      TNS(ns)  TNS Failing Endpoints  TNS Total Endpoints      WHS(ns)      THS(ns)  THS Failing Endpoints  THS Total Endpoints     WPWS(ns)     TPWS(ns)  TPWS Failing Endpoints  TPWS Total Endpoints  
    -------      -------  ---------------------  -------------------      -------      -------  ---------------------  -------------------     --------     --------  ----------------------  --------------------  
     16.761        0.000                      0                   18        0.246        0.000                      0                   18        9.500        0.000                       0                    19  


All user specified timing constraints are met.


------------------------------------------------------------------------------------------------
| Clock Summary
| -------------
------------------------------------------------------------------------------------------------

Clock      Waveform(ns)       Period(ns)      Frequency(MHz)
-----      ------------       ----------      --------------
clk_50mhz  {0.000 10.000}     20.000          50.000          


------------------------------------------------------------------------------------------------
| Intra Clock Table
| -----------------
------------------------------------------------------------------------------------------------

Clock             WNS(ns)      TNS(ns)  TNS Failing Endpoints  TNS Total Endpoints      WHS(ns)      THS(ns)  THS Failing Endpoints  THS Total Endpoints     WPWS(ns)     TPWS(ns)  TPWS Failing Endpoints  TPWS Total Endpoints  
-----             -------      -------  ---------------------  -------------------      -------      -------  ---------------------  -------------------     --------     --------  ----------------------  --------------------  
clk_50mhz          16.761        0.000                      0                   18        0.246        0.000                      0                   18        9.500        0.000                       0                    19  


------------------------------------------------------------------------------------------------
| Inter Clock Table
| -----------------
------------------------------------------------------------------------------------------------

From Clock    To Clock          WNS(ns)      TNS(ns)  TNS Failing Endpoints  TNS Total Endpoints      WHS(ns)      THS(ns)  THS Failing Endpoints  THS Total Endpoints  
----------    --------          -------      -------  ---------------------  -------------------      -------      -------  ---------------------  -------------------  


------------------------------------------------------------------------------------------------
| Other Path Groups Table
| -----------------------
------------------------------------------------------------------------------------------------

Path Group    From Clock    To Clock          WNS(ns)      TNS(ns)  TNS Failing Endpoints  TNS Total Endpoints      WHS(ns)      THS(ns)  THS Failing Endpoints  THS Total Endpoints  
----------    ----------    --------          -------      -------  ---------------------  -------------------      -------      -------  ---------------------  -------------------  


------------------------------------------------------------------------------------------------
| User Ignored Path Table
| -----------------------
------------------------------------------------------------------------------------------------

Path Group    From Clock    To Clock    
----------    ----------    --------    
(none)                      clk_50mhz     


------------------------------------------------------------------------------------------------
| Unconstrained Path Table
| ------------------------
------------------------------------------------------------------------------------------------

Path Group    From Clock    To Clock    
----------    ----------    --------    
(none)        clk_50mhz                   


------------------------------------------------------------------------------------------------
| Timing Details
| --------------
------------------------------------------------------------------------------------------------


---------------------------------------------------------------------------------------------------
From Clock:  clk_50mhz
  To Clock:  clk_50mhz

Setup :            0  Failing Endpoints,  Worst Slack       16.761ns,  Total Violation        0.000ns
Hold  :            0  Failing Endpoints,  Worst Slack        0.246ns,  Total Violation        0.000ns
PW    :            0  Failing Endpoints,  Worst Slack        9.500ns,  Total Violation        0.000ns
---------------------------------------------------------------------------------------------------


Max Delay Paths
--------------------------------------------------------------------------------------
Slack (MET) :             16.761ns  (required time - arrival time)
  Source:                 count_reg[5]/C
                            (rising edge-triggered cell FDCE clocked by clk_50mhz  {rise@0.000ns fall@10.000ns period=20.000ns})
  Destination:            count_reg[16]/D
                            (rising edge-triggered cell FDCE clocked by clk_50mhz  {rise@0.000ns fall@10.000ns period=20.000ns})
  Path Group:             clk_50mhz
  Path Type:              Setup (Max at Slow Process Corner)
  Requirement:            20.000ns  (clk_50mhz rise@20.000ns - clk_50mhz rise@0.000ns)
  Data Path Delay:        3.214ns  (logic 1.845ns (57.409%)  route 1.369ns (42.591%))
  Logic Levels:           4  (CARRY4=3 LUT5=1)
  Clock Path Skew:        -0.022ns (DCD - SCD + CPR)
    Destination Clock Delay (DCD):    5.305ns = ( 25.305 - 20.000 ) 
    Source Clock Delay      (SCD):    5.617ns
    Clock Pessimism Removal (CPR):    0.290ns
  Clock Uncertainty:      0.035ns  ((TSJ^2 + TIJ^2)^1/2 + DJ) / 2 + PE
    Total System Jitter     (TSJ):    0.071ns
    Total Input Jitter      (TIJ):    0.000ns
    Discrete Jitter          (DJ):    0.000ns
    Phase Error              (PE):    0.000ns

    Location             Delay type                Incr(ns)  Path(ns)    Netlist Resource(s)
  -------------------------------------------------------------------    -------------------
                         (clock clk_50mhz rise edge)
                                                      0.000     0.000 r  <hidden>
    B6                                                0.000     0.000 r  clk_50mhz
                         net (fo=0)                   0.000     0.000    clk_50mhz
    B6                   IBUF (Prop_ibuf_I_O)         1.500     1.500 r  clk_50mhz_IBUF_inst/O
                         net (fo=1, routed)           2.315     3.815    clk_50mhz_IBUF
    BUFGCTRL_X0Y16       BUFG (Prop_bufg_I_O)         0.096     3.911 r  clk_50mhz_IBUF_BUFG_inst/O
                         net (fo=18, routed)          1.705     5.617    clk_50mhz_IBUF_BUFG
    SLICE_X1Y78          FDCE                                         r  count_reg[5]/C
  -------------------------------------------------------------------    -------------------
    SLICE_X1Y78          FDCE (Prop_fdce_C_Q)         0.456     6.073 r  count_reg[5]/Q
                         net (fo=2, routed)           0.741     6.814    count_reg_n_0_[5]
    SLICE_X0Y78          CARRY4 (Prop_carry4_S[0]_CO[3])
                                                      0.656     7.470 r  count_reg[8]_i_2/CO[3]
                         net (fo=1, routed)           0.000     7.470    count_reg[8]_i_2_n_0
    SLICE_X0Y79          CARRY4 (Prop_carry4_CI_CO[3])
                                                      0.114     7.584 r  count_reg[12]_i_2/CO[3]
                         net (fo=1, routed)           0.000     7.584    count_reg[12]_i_2_n_0
    SLICE_X0Y80          CARRY4 (Prop_carry4_CI_O[3])
                                                      0.313     7.897 r  count_reg[16]_i_6/O[3]
                         net (fo=1, routed)           0.628     8.525    data0[16]
    SLICE_X1Y80          LUT5 (Prop_lut5_I4_O)        0.306     8.831 r  count[16]_i_1/O
                         net (fo=1, routed)           0.000     8.831    count[16]
    SLICE_X1Y80          FDCE                                         r  count_reg[16]/D
  -------------------------------------------------------------------    -------------------

                         (clock clk_50mhz rise edge)
                                                     20.000    20.000 r  <hidden>
    B6                                                0.000    20.000 r  clk_50mhz
                         net (fo=0)                   0.000    20.000    clk_50mhz
    B6                   IBUF (Prop_ibuf_I_O)         1.429    21.429 r  clk_50mhz_IBUF_inst/O
                         net (fo=1, routed)           2.196    23.625    clk_50mhz_IBUF
    BUFGCTRL_X0Y16       BUFG (Prop_bufg_I_O)         0.091    23.716 r  clk_50mhz_IBUF_BUFG_inst/O
                         net (fo=18, routed)          1.588    25.305    clk_50mhz_IBUF_BUFG
    SLICE_X1Y80          FDCE                                         r  count_reg[16]/C
                         clock pessimism              0.290    25.595    <hidden>
                         clock uncertainty           -0.035    25.559    <hidden>
    SLICE_X1Y80          FDCE (Setup_fdce_C_D)        0.032    25.591    count_reg[16]
  -------------------------------------------------------------------
                         required time                         25.591    <hidden>
                         arrival time                          -8.831    <hidden>
  -------------------------------------------------------------------
                         slack                                 16.761    <hidden>

Slack (MET) :             16.843ns  (required time - arrival time)
  Source:                 count_reg[5]/C
                            (rising edge-triggered cell FDCE clocked by clk_50mhz  {rise@0.000ns fall@10.000ns period=20.000ns})
  Destination:            count_reg[9]/D
                            (rising edge-triggered cell FDCE clocked by clk_50mhz  {rise@0.000ns fall@10.000ns period=20.000ns})
  Path Group:             clk_50mhz
  Path Type:              Setup (Max at Slow Process Corner)
  Requirement:            20.000ns  (clk_50mhz rise@20.000ns - clk_50mhz rise@0.000ns)
  Data Path Delay:        3.180ns  (logic 1.633ns (51.345%)  route 1.547ns (48.655%))
  Logic Levels:           3  (CARRY4=2 LUT5=1)
  Clock Path Skew:        -0.022ns (DCD - SCD + CPR)
    Destination Clock Delay (DCD):    5.305ns = ( 25.305 - 20.000 ) 
    Source Clock Delay      (SCD):    5.617ns
    Clock Pessimism Removal (CPR):    0.290ns
  Clock Uncertainty:      0.035ns  ((TSJ^2 + TIJ^2)^1/2 + DJ) / 2 + PE
    Total System Jitter     (TSJ):    0.071ns
    Total Input Jitter      (TIJ):    0.000ns
    Discrete Jitter          (DJ):    0.000ns
    Phase Error              (PE):    0.000ns

    Location             Delay type                Incr(ns)  Path(ns)    Netlist Resource(s)
  -------------------------------------------------------------------    -------------------
                         (clock clk_50mhz rise edge)
                                                      0.000     0.000 r  <hidden>
    B6                                                0.000     0.000 r  clk_50mhz
                         net (fo=0)                   0.000     0.000    clk_50mhz
    B6                   IBUF (Prop_ibuf_I_O)         1.500     1.500 r  clk_50mhz_IBUF_inst/O
                         net (fo=1, routed)           2.315     3.815    clk_50mhz_IBUF
    BUFGCTRL_X0Y16       BUFG (Prop_bufg_I_O)         0.096     3.911 r  clk_50mhz_IBUF_BUFG_inst/O
                         net (fo=18, routed)          1.705     5.617    clk_50mhz_IBUF_BUFG
    SLICE_X1Y78          FDCE                                         r  count_reg[5]/C
  -------------------------------------------------------------------    -------------------
    SLICE_X1Y78          FDCE (Prop_fdce_C_Q)         0.456     6.073 r  count_reg[5]/Q
                         net (fo=2, routed)           0.741     6.814    count_reg_n_0_[5]
    SLICE_X0Y78          CARRY4 (Prop_carry4_S[0]_CO[3])
                                                      0.656     7.470 r  count_reg[8]_i_2/CO[3]
                         net (fo=1, routed)           0.000     7.470    count_reg[8]_i_2_n_0
    SLICE_X0Y79          CARRY4 (Prop_carry4_CI_O[0])
                                                      0.222     7.692 r  count_reg[12]_i_2/O[0]
                         net (fo=1, routed)           0.807     8.498    data0[9]
    SLICE_X2Y79          LUT5 (Prop_lut5_I4_O)        0.299     8.797 r  count[9]_i_1/O
                         net (fo=1, routed)           0.000     8.797    count[9]
    SLICE_X2Y79          FDCE                                         r  count_reg[9]/D
  -------------------------------------------------------------------    -------------------

                         (clock clk_50mhz rise edge)
                                                     20.000    20.000 r  <hidden>
    B6                                                0.000    20.000 r  clk_50mhz
                         net (fo=0)                   0.000    20.000    clk_50mhz
    B6                   IBUF (Prop_ibuf_I_O)         1.429    21.429 r  clk_50mhz_IBUF_inst/O
                         net (fo=1, routed)           2.196    23.625    clk_50mhz_IBUF
    BUFGCTRL_X0Y16       BUFG (Prop_bufg_I_O)         0.091    23.716 r  clk_50mhz_IBUF_BUFG_inst/O
                         net (fo=18, routed)          1.588    25.305    clk_50mhz_IBUF_BUFG
    SLICE_X2Y79          FDCE                                         r  count_reg[9]/C
                         clock pessimism              0.290    25.595    <hidden>
                         clock uncertainty           -0.035    25.559    <hidden>
    SLICE_X2Y79          FDCE (Setup_fdce_C_D)        0.081    25.640    count_reg[9]
  -------------------------------------------------------------------
                         required time                         25.640    <hidden>
                         arrival time                          -8.797    <hidden>
  -------------------------------------------------------------------
                         slack                                 16.843    <hidden>

Slack (MET) :             16.858ns  (required time - arrival time)
  Source:                 count_reg[5]/C
                            (rising edge-triggered cell FDCE clocked by clk_50mhz  {rise@0.000ns fall@10.000ns period=20.000ns})
  Destination:            count_reg[13]/D
                            (rising edge-triggered cell FDCE clocked by clk_50mhz  {rise@0.000ns fall@10.000ns period=20.000ns})
  Path Group:             clk_50mhz
  Path Type:              Setup (Max at Slow Process Corner)
  Requirement:            20.000ns  (clk_50mhz rise@20.000ns - clk_50mhz rise@0.000ns)
  Data Path Delay:        3.113ns  (logic 1.747ns (56.112%)  route 1.366ns (43.888%))
  Logic Levels:           4  (CARRY4=3 LUT5=1)
  Clock Path Skew:        -0.022ns (DCD - SCD + CPR)
    Destination Clock Delay (DCD):    5.305ns = ( 25.305 - 20.000 ) 
    Source Clock Delay      (SCD):    5.617ns
    Clock Pessimism Removal (CPR):    0.290ns
  Clock Uncertainty:      0.035ns  ((TSJ^2 + TIJ^2)^1/2 + DJ) / 2 + PE
    Total System Jitter     (TSJ):    0.071ns
    Total Input Jitter      (TIJ):    0.000ns
    Discrete Jitter          (DJ):    0.000ns
    Phase Error              (PE):    0.000ns

    Location             Delay type                Incr(ns)  Path(ns)    Netlist Resource(s)
  -------------------------------------------------------------------    -------------------
                         (clock clk_50mhz rise edge)
                                                      0.000     0.000 r  <hidden>
    B6                                                0.000     0.000 r  clk_50mhz
                         net (fo=0)                   0.000     0.000    clk_50mhz
    B6                   IBUF (Prop_ibuf_I_O)         1.500     1.500 r  clk_50mhz_IBUF_inst/O
                         net (fo=1, routed)           2.315     3.815    clk_50mhz_IBUF
    BUFGCTRL_X0Y16       BUFG (Prop_bufg_I_O)         0.096     3.911 r  clk_50mhz_IBUF_BUFG_inst/O
                         net (fo=18, routed)          1.705     5.617    clk_50mhz_IBUF_BUFG
    SLICE_X1Y78          FDCE                                         r  count_reg[5]/C
  -------------------------------------------------------------------    -------------------
    SLICE_X1Y78          FDCE (Prop_fdce_C_Q)         0.456     6.073 r  count_reg[5]/Q
                         net (fo=2, routed)           0.741     6.814    count_reg_n_0_[5]
    SLICE_X0Y78          CARRY4 (Prop_carry4_S[0]_CO[3])
                                                      0.656     7.470 r  count_reg[8]_i_2/CO[3]
                         net (fo=1, routed)           0.000     7.470    count_reg[8]_i_2_n_0
    SLICE_X0Y79          CARRY4 (Prop_carry4_CI_CO[3])
                                                      0.114     7.584 r  count_reg[12]_i_2/CO[3]
                         net (fo=1, routed)           0.000     7.584    count_reg[12]_i_2_n_0
    SLICE_X0Y80          CARRY4 (Prop_carry4_CI_O[0])
                                                      0.222     7.806 r  count_reg[16]_i_6/O[0]
                         net (fo=1, routed)           0.626     8.431    data0[13]
    SLICE_X1Y80          LUT5 (Prop_lut5_I4_O)        0.299     8.730 r  count[13]_i_1/O
                         net (fo=1, routed)           0.000     8.730    count[13]
    SLICE_X1Y80          FDCE                                         r  count_reg[13]/D
  -------------------------------------------------------------------    -------------------

                         (clock clk_50mhz rise edge)
                                                     20.000    20.000 r  <hidden>
    B6                                                0.000    20.000 r  clk_50mhz
                         net (fo=0)                   0.000    20.000    clk_50mhz
    B6                   IBUF (Prop_ibuf_I_O)         1.429    21.429 r  clk_50mhz_IBUF_inst/O
                         net (fo=1, routed)           2.196    23.625    clk_50mhz_IBUF
    BUFGCTRL_X0Y16       BUFG (Prop_bufg_I_O)         0.091    23.716 r  clk_50mhz_IBUF_BUFG_inst/O
                         net (fo=18, routed)          1.588    25.305    clk_50mhz_IBUF_BUFG
    SLICE_X1Y80          FDCE                                         r  count_reg[13]/C
                         clock pessimism              0.290    25.595    <hidden>
                         clock uncertainty           -0.035    25.559    <hidden>
    SLICE_X1Y80          FDCE (Setup_fdce_C_D)        0.029    25.588    count_reg[13]
  -------------------------------------------------------------------
                         required time                         25.588    <hidden>
                         arrival time                          -8.730    <hidden>
  -------------------------------------------------------------------
                         slack                                 16.858    <hidden>

Slack (MET) :             16.887ns  (required time - arrival time)
  Source:                 count_reg[5]/C
                            (rising edge-triggered cell FDCE clocked by clk_50mhz  {rise@0.000ns fall@10.000ns period=20.000ns})
  Destination:            count_reg[12]/D
                            (rising edge-triggered cell FDCE clocked by clk_50mhz  {rise@0.000ns fall@10.000ns period=20.000ns})
  Path Group:             clk_50mhz
  Path Type:              Setup (Max at Slow Process Corner)
  Requirement:            20.000ns  (clk_50mhz rise@20.000ns - clk_50mhz rise@0.000ns)
  Data Path Delay:        3.133ns  (logic 1.731ns (55.252%)  route 1.402ns (44.748%))
  Logic Levels:           3  (CARRY4=2 LUT5=1)
  Clock Path Skew:        -0.022ns (DCD - SCD + CPR)
    Destination Clock Delay (DCD):    5.305ns = ( 25.305 - 20.000 ) 
    Source Clock Delay      (SCD):    5.617ns
    Clock Pessimism Removal (CPR):    0.290ns
  Clock Uncertainty:      0.035ns  ((TSJ^2 + TIJ^2)^1/2 + DJ) / 2 + PE
    Total System Jitter     (TSJ):    0.071ns
    Total Input Jitter      (TIJ):    0.000ns
    Discrete Jitter          (DJ):    0.000ns
    Phase Error              (PE):    0.000ns

    Location             Delay type                Incr(ns)  Path(ns)    Netlist Resource(s)
  -------------------------------------------------------------------    -------------------
                         (clock clk_50mhz rise edge)
                                                      0.000     0.000 r  <hidden>
    B6                                                0.000     0.000 r  clk_50mhz
                         net (fo=0)                   0.000     0.000    clk_50mhz
    B6                   IBUF (Prop_ibuf_I_O)         1.500     1.500 r  clk_50mhz_IBUF_inst/O
                         net (fo=1, routed)           2.315     3.815    clk_50mhz_IBUF
    BUFGCTRL_X0Y16       BUFG (Prop_bufg_I_O)         0.096     3.911 r  clk_50mhz_IBUF_BUFG_inst/O
                         net (fo=18, routed)          1.705     5.617    clk_50mhz_IBUF_BUFG
    SLICE_X1Y78          FDCE                                         r  count_reg[5]/C
  -------------------------------------------------------------------    -------------------
    SLICE_X1Y78          FDCE (Prop_fdce_C_Q)         0.456     6.073 r  count_reg[5]/Q
                         net (fo=2, routed)           0.741     6.814    count_reg_n_0_[5]
    SLICE_X0Y78          CARRY4 (Prop_carry4_S[0]_CO[3])
                                                      0.656     7.470 r  count_reg[8]_i_2/CO[3]
                         net (fo=1, routed)           0.000     7.470    count_reg[8]_i_2_n_0
    SLICE_X0Y79          CARRY4 (Prop_carry4_CI_O[3])
                                                      0.313     7.783 r  count_reg[12]_i_2/O[3]
                         net (fo=1, routed)           0.661     8.444    data0[12]
    SLICE_X2Y79          LUT5 (Prop_lut5_I4_O)        0.306     8.750 r  count[12]_i_1/O
                         net (fo=1, routed)           0.000     8.750    count[12]
    SLICE_X2Y79          FDCE                                         r  count_reg[12]/D
  -------------------------------------------------------------------    -------------------

                         (clock clk_50mhz rise edge)
                                                     20.000    20.000 r  <hidden>
    B6                                                0.000    20.000 r  clk_50mhz
                         net (fo=0)                   0.000    20.000    clk_50mhz
    B6                   IBUF (Prop_ibuf_I_O)         1.429    21.429 r  clk_50mhz_IBUF_inst/O
                         net (fo=1, routed)           2.196    23.625    clk_50mhz_IBUF
    BUFGCTRL_X0Y16       BUFG (Prop_bufg_I_O)         0.091    23.716 r  clk_50mhz_IBUF_BUFG_inst/O
                         net (fo=18, routed)          1.588    25.305    clk_50mhz_IBUF_BUFG
    SLICE_X2Y79          FDCE                                         r  count_reg[12]/C
                         clock pessimism              0.290    25.595    <hidden>
                         clock uncertainty           -0.035    25.559    <hidden>
    SLICE_X2Y79          FDCE (Setup_fdce_C_D)        0.077    25.636    count_reg[12]
  -------------------------------------------------------------------
                         required time                         25.636    <hidden>
                         arrival time                          -8.750    <hidden>
  -------------------------------------------------------------------
                         slack                                 16.887    <hidden>

Slack (MET) :             16.891ns  (required time - arrival time)
  Source:                 count_reg[5]/C
                            (rising edge-triggered cell FDCE clocked by clk_50mhz  {rise@0.000ns fall@10.000ns period=20.000ns})
  Destination:            count_reg[15]/D
                            (rising edge-triggered cell FDCE clocked by clk_50mhz  {rise@0.000ns fall@10.000ns period=20.000ns})
  Path Group:             clk_50mhz
  Path Type:              Setup (Max at Slow Process Corner)
  Requirement:            20.000ns  (clk_50mhz rise@20.000ns - clk_50mhz rise@0.000ns)
  Data Path Delay:        3.082ns  (logic 1.767ns (57.327%)  route 1.315ns (42.673%))
  Logic Levels:           4  (CARRY4=3 LUT5=1)
  Clock Path Skew:        -0.022ns (DCD - SCD + CPR)
    Destination Clock Delay (DCD):    5.305ns = ( 25.305 - 20.000 ) 
    Source Clock Delay      (SCD):    5.617ns
    Clock Pessimism Removal (CPR):    0.290ns
  Clock Uncertainty:      0.035ns  ((TSJ^2 + TIJ^2)^1/2 + DJ) / 2 + PE
    Total System Jitter     (TSJ):    0.071ns
    Total Input Jitter      (TIJ):    0.000ns
    Discrete Jitter          (DJ):    0.000ns
    Phase Error              (PE):    0.000ns

    Location             Delay type                Incr(ns)  Path(ns)    Netlist Resource(s)
  -------------------------------------------------------------------    -------------------
                         (clock clk_50mhz rise edge)
                                                      0.000     0.000 r  <hidden>
    B6                                                0.000     0.000 r  clk_50mhz
                         net (fo=0)                   0.000     0.000    clk_50mhz
    B6                   IBUF (Prop_ibuf_I_O)         1.500     1.500 r  clk_50mhz_IBUF_inst/O
                         net (fo=1, routed)           2.315     3.815    clk_50mhz_IBUF
    BUFGCTRL_X0Y16       BUFG (Prop_bufg_I_O)         0.096     3.911 r  clk_50mhz_IBUF_BUFG_inst/O
                         net (fo=18, routed)          1.705     5.617    clk_50mhz_IBUF_BUFG
    SLICE_X1Y78          FDCE                                         r  count_reg[5]/C
  -------------------------------------------------------------------    -------------------
    SLICE_X1Y78          FDCE (Prop_fdce_C_Q)         0.456     6.073 r  count_reg[5]/Q
                         net (fo=2, routed)           0.741     6.814    count_reg_n_0_[5]
    SLICE_X0Y78          CARRY4 (Prop_carry4_S[0]_CO[3])
                                                      0.656     7.470 r  count_reg[8]_i_2/CO[3]
                         net (fo=1, routed)           0.000     7.470    count_reg[8]_i_2_n_0
    SLICE_X0Y79          CARRY4 (Prop_carry4_CI_CO[3])
                                                      0.114     7.584 r  count_reg[12]_i_2/CO[3]
                         net (fo=1, routed)           0.000     7.584    count_reg[12]_i_2_n_0
    SLICE_X0Y80          CARRY4 (Prop_carry4_CI_O[2])
                                                      0.239     7.823 r  count_reg[16]_i_6/O[2]
                         net (fo=1, routed)           0.575     8.397    data0[15]
    SLICE_X1Y80          LUT5 (Prop_lut5_I4_O)        0.302     8.699 r  count[15]_i_1/O
                         net (fo=1, routed)           0.000     8.699    count[15]
    SLICE_X1Y80          FDCE                                         r  count_reg[15]/D
  -------------------------------------------------------------------    -------------------

                         (clock clk_50mhz rise edge)
                                                     20.000    20.000 r  <hidden>
    B6                                                0.000    20.000 r  clk_50mhz
                         net (fo=0)                   0.000    20.000    clk_50mhz
    B6                   IBUF (Prop_ibuf_I_O)         1.429    21.429 r  clk_50mhz_IBUF_inst/O
                         net (fo=1, routed)           2.196    23.625    clk_50mhz_IBUF
    BUFGCTRL_X0Y16       BUFG (Prop_bufg_I_O)         0.091    23.716 r  clk_50mhz_IBUF_BUFG_inst/O
                         net (fo=18, routed)          1.588    25.305    clk_50mhz_IBUF_BUFG
    SLICE_X1Y80          FDCE                                         r  count_reg[15]/C
                         clock pessimism              0.290    25.595    <hidden>
                         clock uncertainty           -0.035    25.559    <hidden>
    SLICE_X1Y80          FDCE (Setup_fdce_C_D)        0.031    25.590    count_reg[15]
  -------------------------------------------------------------------
                         required time                         25.590    <hidden>
                         arrival time                          -8.699    <hidden>
  -------------------------------------------------------------------
                         slack                                 16.891    <hidden>

Slack (MET) :             16.946ns  (required time - arrival time)
  Source:                 count_reg[4]/C
                            (rising edge-triggered cell FDCE clocked by clk_50mhz  {rise@0.000ns fall@10.000ns period=20.000ns})
  Destination:            count_reg[10]/D
                            (rising edge-triggered cell FDCE clocked by clk_50mhz  {rise@0.000ns fall@10.000ns period=20.000ns})
  Path Group:             clk_50mhz
  Path Type:              Setup (Max at Slow Process Corner)
  Requirement:            20.000ns  (clk_50mhz rise@20.000ns - clk_50mhz rise@0.000ns)
  Data Path Delay:        3.030ns  (logic 0.766ns (25.277%)  route 2.264ns (74.723%))
  Logic Levels:           2  (LUT4=1 LUT5=1)
  Clock Path Skew:        -0.019ns (DCD - SCD + CPR)
    Destination Clock Delay (DCD):    5.305ns = ( 25.305 - 20.000 ) 
    Source Clock Delay      (SCD):    5.614ns
    Clock Pessimism Removal (CPR):    0.290ns
  Clock Uncertainty:      0.035ns  ((TSJ^2 + TIJ^2)^1/2 + DJ) / 2 + PE
    Total System Jitter     (TSJ):    0.071ns
    Total Input Jitter      (TIJ):    0.000ns
    Discrete Jitter          (DJ):    0.000ns
    Phase Error              (PE):    0.000ns

    Location             Delay type                Incr(ns)  Path(ns)    Netlist Resource(s)
  -------------------------------------------------------------------    -------------------
                         (clock clk_50mhz rise edge)
                                                      0.000     0.000 r  <hidden>
    B6                                                0.000     0.000 r  clk_50mhz
                         net (fo=0)                   0.000     0.000    clk_50mhz
    B6                   IBUF (Prop_ibuf_I_O)         1.500     1.500 r  clk_50mhz_IBUF_inst/O
                         net (fo=1, routed)           2.315     3.815    clk_50mhz_IBUF
    BUFGCTRL_X0Y16       BUFG (Prop_bufg_I_O)         0.096     3.911 r  clk_50mhz_IBUF_BUFG_inst/O
                         net (fo=18, routed)          1.702     5.614    clk_50mhz_IBUF_BUFG
    SLICE_X2Y77          FDCE                                         r  count_reg[4]/C
  -------------------------------------------------------------------    -------------------
    SLICE_X2Y77          FDCE (Prop_fdce_C_Q)         0.518     6.132 r  count_reg[4]/Q
                         net (fo=2, routed)           0.817     6.949    count_reg_n_0_[4]
    SLICE_X1Y77          LUT4 (Prop_lut4_I1_O)        0.124     7.073 r  count[16]_i_2/O
                         net (fo=17, routed)          1.447     8.520    count[16]_i_2_n_0
    SLICE_X1Y79          LUT5 (Prop_lut5_I0_O)        0.124     8.644 r  count[10]_i_1/O
                         net (fo=1, routed)           0.000     8.644    count[10]
    SLICE_X1Y79          FDCE                                         r  count_reg[10]/D
  -------------------------------------------------------------------    -------------------

                         (clock clk_50mhz rise edge)
                                                     20.000    20.000 r  <hidden>
    B6                                                0.000    20.000 r  clk_50mhz
                         net (fo=0)                   0.000    20.000    clk_50mhz
    B6                   IBUF (Prop_ibuf_I_O)         1.429    21.429 r  clk_50mhz_IBUF_inst/O
                         net (fo=1, routed)           2.196    23.625    clk_50mhz_IBUF
    BUFGCTRL_X0Y16       BUFG (Prop_bufg_I_O)         0.091    23.716 r  clk_50mhz_IBUF_BUFG_inst/O
                         net (fo=18, routed)          1.588    25.305    clk_50mhz_IBUF_BUFG
    SLICE_X1Y79          FDCE                                         r  count_reg[10]/C
                         clock pessimism              0.290    25.595    <hidden>
                         clock uncertainty           -0.035    25.559    <hidden>
    SLICE_X1Y79          FDCE (Setup_fdce_C_D)        0.031    25.590    count_reg[10]
  -------------------------------------------------------------------
                         required time                         25.590    <hidden>
                         arrival time                          -8.644    <hidden>
  -------------------------------------------------------------------
                         slack                                 16.946    <hidden>

Slack (MET) :             16.947ns  (required time - arrival time)
  Source:                 count_reg[3]/C
                            (rising edge-triggered cell FDCE clocked by clk_50mhz  {rise@0.000ns fall@10.000ns period=20.000ns})
  Destination:            count_reg[8]/D
                            (rising edge-triggered cell FDCE clocked by clk_50mhz  {rise@0.000ns fall@10.000ns period=20.000ns})
  Path Group:             clk_50mhz
  Path Type:              Setup (Max at Slow Process Corner)
  Requirement:            20.000ns  (clk_50mhz rise@20.000ns - clk_50mhz rise@0.000ns)
  Data Path Delay:        3.030ns  (logic 1.597ns (52.708%)  route 1.433ns (47.292%))
  Logic Levels:           3  (CARRY4=2 LUT5=1)
  Clock Path Skew:        -0.020ns (DCD - SCD + CPR)
    Destination Clock Delay (DCD):    5.304ns = ( 25.304 - 20.000 ) 
    Source Clock Delay      (SCD):    5.614ns
    Clock Pessimism Removal (CPR):    0.290ns
  Clock Uncertainty:      0.035ns  ((TSJ^2 + TIJ^2)^1/2 + DJ) / 2 + PE
    Total System Jitter     (TSJ):    0.071ns
    Total Input Jitter      (TIJ):    0.000ns
    Discrete Jitter          (DJ):    0.000ns
    Phase Error              (PE):    0.000ns

    Location             Delay type                Incr(ns)  Path(ns)    Netlist Resource(s)
  -------------------------------------------------------------------    -------------------
                         (clock clk_50mhz rise edge)
                                                      0.000     0.000 r  <hidden>
    B6                                                0.000     0.000 r  clk_50mhz
                         net (fo=0)                   0.000     0.000    clk_50mhz
    B6                   IBUF (Prop_ibuf_I_O)         1.500     1.500 r  clk_50mhz_IBUF_inst/O
                         net (fo=1, routed)           2.315     3.815    clk_50mhz_IBUF
    BUFGCTRL_X0Y16       BUFG (Prop_bufg_I_O)         0.096     3.911 r  clk_50mhz_IBUF_BUFG_inst/O
                         net (fo=18, routed)          1.702     5.614    clk_50mhz_IBUF_BUFG
    SLICE_X1Y77          FDCE                                         r  count_reg[3]/C
  -------------------------------------------------------------------    -------------------
    SLICE_X1Y77          FDCE (Prop_fdce_C_Q)         0.456     6.070 r  count_reg[3]/Q
                         net (fo=2, routed)           0.743     6.813    count_reg_n_0_[3]
    SLICE_X0Y77          CARRY4 (Prop_carry4_S[2]_CO[3])
                                                      0.522     7.335 r  count_reg[4]_i_2/CO[3]
                         net (fo=1, routed)           0.000     7.335    count_reg[4]_i_2_n_0
    SLICE_X0Y78          CARRY4 (Prop_carry4_CI_O[3])
                                                      0.313     7.648 r  count_reg[8]_i_2/O[3]
                         net (fo=1, routed)           0.690     8.338    data0[8]
    SLICE_X1Y78          LUT5 (Prop_lut5_I4_O)        0.306     8.644 r  count[8]_i_1/O
                         net (fo=1, routed)           0.000     8.644    count[8]
    SLICE_X1Y78          FDCE                                         r  count_reg[8]/D
  -------------------------------------------------------------------    -------------------

                         (clock clk_50mhz rise edge)
                                                     20.000    20.000 r  <hidden>
    B6                                                0.000    20.000 r  clk_50mhz
                         net (fo=0)                   0.000    20.000    clk_50mhz
    B6                   IBUF (Prop_ibuf_I_O)         1.429    21.429 r  clk_50mhz_IBUF_inst/O
                         net (fo=1, routed)           2.196    23.625    clk_50mhz_IBUF
    BUFGCTRL_X0Y16       BUFG (Prop_bufg_I_O)         0.091    23.716 r  clk_50mhz_IBUF_BUFG_inst/O
                         net (fo=18, routed)          1.587    25.304    clk_50mhz_IBUF_BUFG
    SLICE_X1Y78          FDCE                                         r  count_reg[8]/C
                         clock pessimism              0.290    25.594    <hidden>
                         clock uncertainty           -0.035    25.558    <hidden>
    SLICE_X1Y78          FDCE (Setup_fdce_C_D)        0.032    25.590    count_reg[8]
  -------------------------------------------------------------------
                         required time                         25.590    <hidden>
                         arrival time                          -8.644    <hidden>
  -------------------------------------------------------------------
                         slack                                 16.947    <hidden>

Slack (MET) :             16.954ns  (required time - arrival time)
  Source:                 count_reg[5]/C
                            (rising edge-triggered cell FDCE clocked by clk_50mhz  {rise@0.000ns fall@10.000ns period=20.000ns})
  Destination:            count_reg[14]/D
                            (rising edge-triggered cell FDCE clocked by clk_50mhz  {rise@0.000ns fall@10.000ns period=20.000ns})
  Path Group:             clk_50mhz
  Path Type:              Setup (Max at Slow Process Corner)
  Requirement:            20.000ns  (clk_50mhz rise@20.000ns - clk_50mhz rise@0.000ns)
  Data Path Delay:        3.019ns  (logic 1.863ns (61.704%)  route 1.156ns (38.296%))
  Logic Levels:           4  (CARRY4=3 LUT5=1)
  Clock Path Skew:        -0.022ns (DCD - SCD + CPR)
    Destination Clock Delay (DCD):    5.305ns = ( 25.305 - 20.000 ) 
    Source Clock Delay      (SCD):    5.617ns
    Clock Pessimism Removal (CPR):    0.290ns
  Clock Uncertainty:      0.035ns  ((TSJ^2 + TIJ^2)^1/2 + DJ) / 2 + PE
    Total System Jitter     (TSJ):    0.071ns
    Total Input Jitter      (TIJ):    0.000ns
    Discrete Jitter          (DJ):    0.000ns
    Phase Error              (PE):    0.000ns

    Location             Delay type                Incr(ns)  Path(ns)    Netlist Resource(s)
  -------------------------------------------------------------------    -------------------
                         (clock clk_50mhz rise edge)
                                                      0.000     0.000 r  <hidden>
    B6                                                0.000     0.000 r  clk_50mhz
                         net (fo=0)                   0.000     0.000    clk_50mhz
    B6                   IBUF (Prop_ibuf_I_O)         1.500     1.500 r  clk_50mhz_IBUF_inst/O
                         net (fo=1, routed)           2.315     3.815    clk_50mhz_IBUF
    BUFGCTRL_X0Y16       BUFG (Prop_bufg_I_O)         0.096     3.911 r  clk_50mhz_IBUF_BUFG_inst/O
                         net (fo=18, routed)          1.705     5.617    clk_50mhz_IBUF_BUFG
    SLICE_X1Y78          FDCE                                         r  count_reg[5]/C
  -------------------------------------------------------------------    -------------------
    SLICE_X1Y78          FDCE (Prop_fdce_C_Q)         0.456     6.073 r  count_reg[5]/Q
                         net (fo=2, routed)           0.741     6.814    count_reg_n_0_[5]
    SLICE_X0Y78          CARRY4 (Prop_carry4_S[0]_CO[3])
                                                      0.656     7.470 r  count_reg[8]_i_2/CO[3]
                         net (fo=1, routed)           0.000     7.470    count_reg[8]_i_2_n_0
    SLICE_X0Y79          CARRY4 (Prop_carry4_CI_CO[3])
                                                      0.114     7.584 r  count_reg[12]_i_2/CO[3]
                         net (fo=1, routed)           0.000     7.584    count_reg[12]_i_2_n_0
    SLICE_X0Y80          CARRY4 (Prop_carry4_CI_O[1])
                                                      0.334     7.918 r  count_reg[16]_i_6/O[1]
                         net (fo=1, routed)           0.415     8.333    data0[14]
    SLICE_X1Y80          LUT5 (Prop_lut5_I4_O)        0.303     8.636 r  count[14]_i_1/O
                         net (fo=1, routed)           0.000     8.636    count[14]
    SLICE_X1Y80          FDCE                                         r  count_reg[14]/D
  -------------------------------------------------------------------    -------------------

                         (clock clk_50mhz rise edge)
                                                     20.000    20.000 r  <hidden>
    B6                                                0.000    20.000 r  clk_50mhz
                         net (fo=0)                   0.000    20.000    clk_50mhz
    B6                   IBUF (Prop_ibuf_I_O)         1.429    21.429 r  clk_50mhz_IBUF_inst/O
                         net (fo=1, routed)           2.196    23.625    clk_50mhz_IBUF
    BUFGCTRL_X0Y16       BUFG (Prop_bufg_I_O)         0.091    23.716 r  clk_50mhz_IBUF_BUFG_inst/O
                         net (fo=18, routed)          1.588    25.305    clk_50mhz_IBUF_BUFG
    SLICE_X1Y80          FDCE                                         r  count_reg[14]/C
                         clock pessimism              0.290    25.595    <hidden>
                         clock uncertainty           -0.035    25.559    <hidden>
    SLICE_X1Y80          FDCE (Setup_fdce_C_D)        0.031    25.590    count_reg[14]
  -------------------------------------------------------------------
                         required time                         25.590    <hidden>
                         arrival time                          -8.636    <hidden>
  -------------------------------------------------------------------
                         slack                                 16.954    <hidden>

Slack (MET) :             16.976ns  (required time - arrival time)
  Source:                 count_reg[10]/C
                            (rising edge-triggered cell FDCE clocked by clk_50mhz  {rise@0.000ns fall@10.000ns period=20.000ns})
  Destination:            count_reg[1]/D
                            (rising edge-triggered cell FDCE clocked by clk_50mhz  {rise@0.000ns fall@10.000ns period=20.000ns})
  Path Group:             clk_50mhz
  Path Type:              Setup (Max at Slow Process Corner)
  Requirement:            20.000ns  (clk_50mhz rise@20.000ns - clk_50mhz rise@0.000ns)
  Data Path Delay:        2.991ns  (logic 0.704ns (23.535%)  route 2.287ns (76.465%))
  Logic Levels:           2  (LUT4=1 LUT5=1)
  Clock Path Skew:        -0.026ns (DCD - SCD + CPR)
    Destination Clock Delay (DCD):    5.302ns = ( 25.302 - 20.000 ) 
    Source Clock Delay      (SCD):    5.618ns
    Clock Pessimism Removal (CPR):    0.290ns
  Clock Uncertainty:      0.035ns  ((TSJ^2 + TIJ^2)^1/2 + DJ) / 2 + PE
    Total System Jitter     (TSJ):    0.071ns
    Total Input Jitter      (TIJ):    0.000ns
    Discrete Jitter          (DJ):    0.000ns
    Phase Error              (PE):    0.000ns

    Location             Delay type                Incr(ns)  Path(ns)    Netlist Resource(s)
  -------------------------------------------------------------------    -------------------
                         (clock clk_50mhz rise edge)
                                                      0.000     0.000 r  <hidden>
    B6                                                0.000     0.000 r  clk_50mhz
                         net (fo=0)                   0.000     0.000    clk_50mhz
    B6                   IBUF (Prop_ibuf_I_O)         1.500     1.500 r  clk_50mhz_IBUF_inst/O
                         net (fo=1, routed)           2.315     3.815    clk_50mhz_IBUF
    BUFGCTRL_X0Y16       BUFG (Prop_bufg_I_O)         0.096     3.911 r  clk_50mhz_IBUF_BUFG_inst/O
                         net (fo=18, routed)          1.706     5.618    clk_50mhz_IBUF_BUFG
    SLICE_X1Y79          FDCE                                         r  count_reg[10]/C
  -------------------------------------------------------------------    -------------------
    SLICE_X1Y79          FDCE (Prop_fdce_C_Q)         0.456     6.074 f  count_reg[10]/Q
                         net (fo=2, routed)           1.237     7.311    count_reg_n_0_[10]
    SLICE_X1Y79          LUT4 (Prop_lut4_I2_O)        0.124     7.435 r  count[16]_i_5/O
                         net (fo=17, routed)          1.050     8.485    count[16]_i_5_n_0
    SLICE_X1Y77          LUT5 (Prop_lut5_I3_O)        0.124     8.609 r  count[1]_i_1/O
                         net (fo=1, routed)           0.000     8.609    count[1]
    SLICE_X1Y77          FDCE                                         r  count_reg[1]/D
  -------------------------------------------------------------------    -------------------

                         (clock clk_50mhz rise edge)
                                                     20.000    20.000 r  <hidden>
    B6                                                0.000    20.000 r  clk_50mhz
                         net (fo=0)                   0.000    20.000    clk_50mhz
    B6                   IBUF (Prop_ibuf_I_O)         1.429    21.429 r  clk_50mhz_IBUF_inst/O
                         net (fo=1, routed)           2.196    23.625    clk_50mhz_IBUF
    BUFGCTRL_X0Y16       BUFG (Prop_bufg_I_O)         0.091    23.716 r  clk_50mhz_IBUF_BUFG_inst/O
                         net (fo=18, routed)          1.585    25.302    clk_50mhz_IBUF_BUFG
    SLICE_X1Y77          FDCE                                         r  count_reg[1]/C
                         clock pessimism              0.290    25.592    <hidden>
                         clock uncertainty           -0.035    25.556    <hidden>
    SLICE_X1Y77          FDCE (Setup_fdce_C_D)        0.029    25.585    count_reg[1]
  -------------------------------------------------------------------
                         required time                         25.585    <hidden>
                         arrival time                          -8.609    <hidden>
  -------------------------------------------------------------------
                         slack                                 16.976    <hidden>

Slack (MET) :             16.976ns  (required time - arrival time)
  Source:                 count_reg[10]/C
                            (rising edge-triggered cell FDCE clocked by clk_50mhz  {rise@0.000ns fall@10.000ns period=20.000ns})
  Destination:            count_reg[2]/D
                            (rising edge-triggered cell FDCE clocked by clk_50mhz  {rise@0.000ns fall@10.000ns period=20.000ns})
  Path Group:             clk_50mhz
  Path Type:              Setup (Max at Slow Process Corner)
  Requirement:            20.000ns  (clk_50mhz rise@20.000ns - clk_50mhz rise@0.000ns)
  Data Path Delay:        2.993ns  (logic 0.704ns (23.519%)  route 2.289ns (76.481%))
  Logic Levels:           2  (LUT4=1 LUT5=1)
  Clock Path Skew:        -0.026ns (DCD - SCD + CPR)
    Destination Clock Delay (DCD):    5.302ns = ( 25.302 - 20.000 ) 
    Source Clock Delay      (SCD):    5.618ns
    Clock Pessimism Removal (CPR):    0.290ns
  Clock Uncertainty:      0.035ns  ((TSJ^2 + TIJ^2)^1/2 + DJ) / 2 + PE
    Total System Jitter     (TSJ):    0.071ns
    Total Input Jitter      (TIJ):    0.000ns
    Discrete Jitter          (DJ):    0.000ns
    Phase Error              (PE):    0.000ns

    Location             Delay type                Incr(ns)  Path(ns)    Netlist Resource(s)
  -------------------------------------------------------------------    -------------------
                         (clock clk_50mhz rise edge)
                                                      0.000     0.000 r  <hidden>
    B6                                                0.000     0.000 r  clk_50mhz
                         net (fo=0)                   0.000     0.000    clk_50mhz
    B6                   IBUF (Prop_ibuf_I_O)         1.500     1.500 r  clk_50mhz_IBUF_inst/O
                         net (fo=1, routed)           2.315     3.815    clk_50mhz_IBUF
    BUFGCTRL_X0Y16       BUFG (Prop_bufg_I_O)         0.096     3.911 r  clk_50mhz_IBUF_BUFG_inst/O
                         net (fo=18, routed)          1.706     5.618    clk_50mhz_IBUF_BUFG
    SLICE_X1Y79          FDCE                                         r  count_reg[10]/C
  -------------------------------------------------------------------    -------------------
    SLICE_X1Y79          FDCE (Prop_fdce_C_Q)         0.456     6.074 f  count_reg[10]/Q
                         net (fo=2, routed)           1.237     7.311    count_reg_n_0_[10]
    SLICE_X1Y79          LUT4 (Prop_lut4_I2_O)        0.124     7.435 r  count[16]_i_5/O
                         net (fo=17, routed)          1.052     8.487    count[16]_i_5_n_0
    SLICE_X1Y77          LUT5 (Prop_lut5_I3_O)        0.124     8.611 r  count[2]_i_1/O
                         net (fo=1, routed)           0.000     8.611    count[2]
    SLICE_X1Y77          FDCE                                         r  count_reg[2]/D
  -------------------------------------------------------------------    -------------------

                         (clock clk_50mhz rise edge)
                                                     20.000    20.000 r  <hidden>
    B6                                                0.000    20.000 r  clk_50mhz
                         net (fo=0)                   0.000    20.000    clk_50mhz
    B6                   IBUF (Prop_ibuf_I_O)         1.429    21.429 r  clk_50mhz_IBUF_inst/O
                         net (fo=1, routed)           2.196    23.625    clk_50mhz_IBUF
    BUFGCTRL_X0Y16       BUFG (Prop_bufg_I_O)         0.091    23.716 r  clk_50mhz_IBUF_BUFG_inst/O
                         net (fo=18, routed)          1.585    25.302    clk_50mhz_IBUF_BUFG
    SLICE_X1Y77          FDCE                                         r  count_reg[2]/C
                         clock pessimism              0.290    25.592    <hidden>
                         clock uncertainty           -0.035    25.556    <hidden>
    SLICE_X1Y77          FDCE (Setup_fdce_C_D)        0.031    25.587    count_reg[2]
  -------------------------------------------------------------------
                         required time                         25.587    <hidden>
                         arrival time                          -8.611    <hidden>
  -------------------------------------------------------------------
                         slack                                 16.976    <hidden>





Min Delay Paths
--------------------------------------------------------------------------------------
Slack (MET) :             0.246ns  (arrival time - required time)
  Source:                 count_reg[0]/C
                            (rising edge-triggered cell FDCE clocked by clk_50mhz  {rise@0.000ns fall@10.000ns period=20.000ns})
  Destination:            count_reg[0]/D
                            (rising edge-triggered cell FDCE clocked by clk_50mhz  {rise@0.000ns fall@10.000ns period=20.000ns})
  Path Group:             clk_50mhz
  Path Type:              Hold (Min at Fast Process Corner)
  Requirement:            0.000ns  (clk_50mhz rise@0.000ns - clk_50mhz rise@0.000ns)
  Data Path Delay:        0.351ns  (logic 0.183ns (52.101%)  route 0.168ns (47.899%))
  Logic Levels:           1  (LUT1=1)
  Clock Path Skew:        0.000ns (DCD - SCD - CPR)
    Destination Clock Delay (DCD):    2.217ns
    Source Clock Delay      (SCD):    1.693ns
    Clock Pessimism Removal (CPR):    0.524ns

    Location             Delay type                Incr(ns)  Path(ns)    Netlist Resource(s)
  -------------------------------------------------------------------    -------------------
                         (clock clk_50mhz rise edge)
                                                      0.000     0.000 r  <hidden>
    B6                                                0.000     0.000 r  clk_50mhz
                         net (fo=0)                   0.000     0.000    clk_50mhz
    B6                   IBUF (Prop_ibuf_I_O)         0.268     0.268 r  clk_50mhz_IBUF_inst/O
                         net (fo=1, routed)           0.808     1.075    clk_50mhz_IBUF
    BUFGCTRL_X0Y16       BUFG (Prop_bufg_I_O)         0.026     1.101 r  clk_50mhz_IBUF_BUFG_inst/O
                         net (fo=18, routed)          0.592     1.693    clk_50mhz_IBUF_BUFG
    SLICE_X1Y78          FDCE                                         r  count_reg[0]/C
  -------------------------------------------------------------------    -------------------
    SLICE_X1Y78          FDCE (Prop_fdce_C_Q)         0.141     1.834 f  count_reg[0]/Q
                         net (fo=3, routed)           0.168     2.002    count_reg_n_0_[0]
    SLICE_X1Y78          LUT1 (Prop_lut1_I0_O)        0.042     2.044 r  count[0]_i_1/O
                         net (fo=1, routed)           0.000     2.044    count[0]
    SLICE_X1Y78          FDCE                                         r  count_reg[0]/D
  -------------------------------------------------------------------    -------------------

                         (clock clk_50mhz rise edge)
                                                      0.000     0.000 r  <hidden>
    B6                                                0.000     0.000 r  clk_50mhz
                         net (fo=0)                   0.000     0.000    clk_50mhz
    B6                   IBUF (Prop_ibuf_I_O)         0.456     0.456 r  clk_50mhz_IBUF_inst/O
                         net (fo=1, routed)           0.871     1.327    clk_50mhz_IBUF
    BUFGCTRL_X0Y16       BUFG (Prop_bufg_I_O)         0.029     1.356 r  clk_50mhz_IBUF_BUFG_inst/O
                         net (fo=18, routed)          0.862     2.217    clk_50mhz_IBUF_BUFG
    SLICE_X1Y78          FDCE                                         r  count_reg[0]/C
                         clock pessimism             -0.524     1.693    <hidden>
    SLICE_X1Y78          FDCE (Hold_fdce_C_D)         0.105     1.798    count_reg[0]
  -------------------------------------------------------------------
                         required time                         -1.798    <hidden>
                         arrival time                           2.044    <hidden>
  -------------------------------------------------------------------
                         slack                                  0.246    <hidden>

Slack (MET) :             0.321ns  (arrival time - required time)
  Source:                 piezo_reg/C
                            (rising edge-triggered cell FDCE clocked by clk_50mhz  {rise@0.000ns fall@10.000ns period=20.000ns})
  Destination:            piezo_reg/D
                            (rising edge-triggered cell FDCE clocked by clk_50mhz  {rise@0.000ns fall@10.000ns period=20.000ns})
  Path Group:             clk_50mhz
  Path Type:              Hold (Min at Fast Process Corner)
  Requirement:            0.000ns  (clk_50mhz rise@0.000ns - clk_50mhz rise@0.000ns)
  Data Path Delay:        0.442ns  (logic 0.209ns (47.253%)  route 0.233ns (52.747%))
  Logic Levels:           1  (LUT5=1)
  Clock Path Skew:        0.000ns (DCD - SCD - CPR)
    Destination Clock Delay (DCD):    2.218ns
    Source Clock Delay      (SCD):    1.694ns
    Clock Pessimism Removal (CPR):    0.524ns

    Location             Delay type                Incr(ns)  Path(ns)    Netlist Resource(s)
  -------------------------------------------------------------------    -------------------
                         (clock clk_50mhz rise edge)
                                                      0.000     0.000 r  <hidden>
    B6                                                0.000     0.000 r  clk_50mhz
                         net (fo=0)                   0.000     0.000    clk_50mhz
    B6                   IBUF (Prop_ibuf_I_O)         0.268     0.268 r  clk_50mhz_IBUF_inst/O
                         net (fo=1, routed)           0.808     1.075    clk_50mhz_IBUF
    BUFGCTRL_X0Y16       BUFG (Prop_bufg_I_O)         0.026     1.101 r  clk_50mhz_IBUF_BUFG_inst/O
                         net (fo=18, routed)          0.593     1.694    clk_50mhz_IBUF_BUFG
    SLICE_X2Y79          FDCE                                         r  piezo_reg/C
  -------------------------------------------------------------------    -------------------
    SLICE_X2Y79          FDCE (Prop_fdce_C_Q)         0.164     1.858 r  piezo_reg/Q
                         net (fo=2, routed)           0.233     2.091    piezo_OBUF
    SLICE_X2Y79          LUT5 (Prop_lut5_I4_O)        0.045     2.136 r  piezo_i_1/O
                         net (fo=1, routed)           0.000     2.136    piezo_i_1_n_0
    SLICE_X2Y79          FDCE                                         r  piezo_reg/D
  -------------------------------------------------------------------    -------------------

                         (clock clk_50mhz rise edge)
                                                      0.000     0.000 r  <hidden>
    B6                                                0.000     0.000 r  clk_50mhz
                         net (fo=0)                   0.000     0.000    clk_50mhz
    B6                   IBUF (Prop_ibuf_I_O)         0.456     0.456 r  clk_50mhz_IBUF_inst/O
                         net (fo=1, routed)           0.871     1.327    clk_50mhz_IBUF
    BUFGCTRL_X0Y16       BUFG (Prop_bufg_I_O)         0.029     1.356 r  clk_50mhz_IBUF_BUFG_inst/O
                         net (fo=18, routed)          0.863     2.218    clk_50mhz_IBUF_BUFG
    SLICE_X2Y79          FDCE                                         r  piezo_reg/C
                         clock pessimism             -0.524     1.694    <hidden>
    SLICE_X2Y79          FDCE (Hold_fdce_C_D)         0.121     1.815    piezo_reg
  -------------------------------------------------------------------
                         required time                         -1.815    <hidden>
                         arrival time                           2.136    <hidden>
  -------------------------------------------------------------------
                         slack                                  0.321    <hidden>

Slack (MET) :             0.383ns  (arrival time - required time)
  Source:                 count_reg[11]/C
                            (rising edge-triggered cell FDCE clocked by clk_50mhz  {rise@0.000ns fall@10.000ns period=20.000ns})
  Destination:            count_reg[10]/D
                            (rising edge-triggered cell FDCE clocked by clk_50mhz  {rise@0.000ns fall@10.000ns period=20.000ns})
  Path Group:             clk_50mhz
  Path Type:              Hold (Min at Fast Process Corner)
  Requirement:            0.000ns  (clk_50mhz rise@0.000ns - clk_50mhz rise@0.000ns)
  Data Path Delay:        0.475ns  (logic 0.231ns (48.662%)  route 0.244ns (51.338%))
  Logic Levels:           2  (LUT4=1 LUT5=1)
  Clock Path Skew:        0.000ns (DCD - SCD - CPR)
    Destination Clock Delay (DCD):    2.218ns
    Source Clock Delay      (SCD):    1.694ns
    Clock Pessimism Removal (CPR):    0.524ns

    Location             Delay type                Incr(ns)  Path(ns)    Netlist Resource(s)
  -------------------------------------------------------------------    -------------------
                         (clock clk_50mhz rise edge)
                                                      0.000     0.000 r  <hidden>
    B6                                                0.000     0.000 r  clk_50mhz
                         net (fo=0)                   0.000     0.000    clk_50mhz
    B6                   IBUF (Prop_ibuf_I_O)         0.268     0.268 r  clk_50mhz_IBUF_inst/O
                         net (fo=1, routed)           0.808     1.075    clk_50mhz_IBUF
    BUFGCTRL_X0Y16       BUFG (Prop_bufg_I_O)         0.026     1.101 r  clk_50mhz_IBUF_BUFG_inst/O
                         net (fo=18, routed)          0.593     1.694    clk_50mhz_IBUF_BUFG
    SLICE_X1Y79          FDCE                                         r  count_reg[11]/C
  -------------------------------------------------------------------    -------------------
    SLICE_X1Y79          FDCE (Prop_fdce_C_Q)         0.141     1.835 f  count_reg[11]/Q
                         net (fo=2, routed)           0.145     1.980    count_reg_n_0_[11]
    SLICE_X1Y79          LUT4 (Prop_lut4_I0_O)        0.045     2.025 r  count[16]_i_4/O
                         net (fo=17, routed)          0.099     2.124    count[16]_i_4_n_0
    SLICE_X1Y79          LUT5 (Prop_lut5_I2_O)        0.045     2.169 r  count[10]_i_1/O
                         net (fo=1, routed)           0.000     2.169    count[10]
    SLICE_X1Y79          FDCE                                         r  count_reg[10]/D
  -------------------------------------------------------------------    -------------------

                         (clock clk_50mhz rise edge)
                                                      0.000     0.000 r  <hidden>
    B6                                                0.000     0.000 r  clk_50mhz
                         net (fo=0)                   0.000     0.000    clk_50mhz
    B6                   IBUF (Prop_ibuf_I_O)         0.456     0.456 r  clk_50mhz_IBUF_inst/O
                         net (fo=1, routed)           0.871     1.327    clk_50mhz_IBUF
    BUFGCTRL_X0Y16       BUFG (Prop_bufg_I_O)         0.029     1.356 r  clk_50mhz_IBUF_BUFG_inst/O
                         net (fo=18, routed)          0.863     2.218    clk_50mhz_IBUF_BUFG
    SLICE_X1Y79          FDCE                                         r  count_reg[10]/C
                         clock pessimism             -0.524     1.694    <hidden>
    SLICE_X1Y79          FDCE (Hold_fdce_C_D)         0.092     1.786    count_reg[10]
  -------------------------------------------------------------------
                         required time                         -1.786    <hidden>
                         arrival time                           2.169    <hidden>
  -------------------------------------------------------------------
                         slack                                  0.383    <hidden>

Slack (MET) :             0.385ns  (arrival time - required time)
  Source:                 count_reg[11]/C
                            (rising edge-triggered cell FDCE clocked by clk_50mhz  {rise@0.000ns fall@10.000ns period=20.000ns})
  Destination:            count_reg[11]/D
                            (rising edge-triggered cell FDCE clocked by clk_50mhz  {rise@0.000ns fall@10.000ns period=20.000ns})
  Path Group:             clk_50mhz
  Path Type:              Hold (Min at Fast Process Corner)
  Requirement:            0.000ns  (clk_50mhz rise@0.000ns - clk_50mhz rise@0.000ns)
  Data Path Delay:        0.476ns  (logic 0.231ns (48.560%)  route 0.245ns (51.440%))
  Logic Levels:           2  (LUT4=1 LUT5=1)
  Clock Path Skew:        0.000ns (DCD - SCD - CPR)
    Destination Clock Delay (DCD):    2.218ns
    Source Clock Delay      (SCD):    1.694ns
    Clock Pessimism Removal (CPR):    0.524ns

    Location             Delay type                Incr(ns)  Path(ns)    Netlist Resource(s)
  -------------------------------------------------------------------    -------------------
                         (clock clk_50mhz rise edge)
                                                      0.000     0.000 r  <hidden>
    B6                                                0.000     0.000 r  clk_50mhz
                         net (fo=0)                   0.000     0.000    clk_50mhz
    B6                   IBUF (Prop_ibuf_I_O)         0.268     0.268 r  clk_50mhz_IBUF_inst/O
                         net (fo=1, routed)           0.808     1.075    clk_50mhz_IBUF
    BUFGCTRL_X0Y16       BUFG (Prop_bufg_I_O)         0.026     1.101 r  clk_50mhz_IBUF_BUFG_inst/O
                         net (fo=18, routed)          0.593     1.694    clk_50mhz_IBUF_BUFG
    SLICE_X1Y79          FDCE                                         r  count_reg[11]/C
  -------------------------------------------------------------------    -------------------
    SLICE_X1Y79          FDCE (Prop_fdce_C_Q)         0.141     1.835 f  count_reg[11]/Q
                         net (fo=2, routed)           0.145     1.980    count_reg_n_0_[11]
    SLICE_X1Y79          LUT4 (Prop_lut4_I0_O)        0.045     2.025 r  count[16]_i_4/O
                         net (fo=17, routed)          0.100     2.125    count[16]_i_4_n_0
    SLICE_X1Y79          LUT5 (Prop_lut5_I2_O)        0.045     2.170 r  count[11]_i_1/O
                         net (fo=1, routed)           0.000     2.170    count[11]
    SLICE_X1Y79          FDCE                                         r  count_reg[11]/D
  -------------------------------------------------------------------    -------------------

                         (clock clk_50mhz rise edge)
                                                      0.000     0.000 r  <hidden>
    B6                                                0.000     0.000 r  clk_50mhz
                         net (fo=0)                   0.000     0.000    clk_50mhz
    B6                   IBUF (Prop_ibuf_I_O)         0.456     0.456 r  clk_50mhz_IBUF_inst/O
                         net (fo=1, routed)           0.871     1.327    clk_50mhz_IBUF
    BUFGCTRL_X0Y16       BUFG (Prop_bufg_I_O)         0.029     1.356 r  clk_50mhz_IBUF_BUFG_inst/O
                         net (fo=18, routed)          0.863     2.218    clk_50mhz_IBUF_BUFG
    SLICE_X1Y79          FDCE                                         r  count_reg[11]/C
                         clock pessimism             -0.524     1.694    <hidden>
    SLICE_X1Y79          FDCE (Hold_fdce_C_D)         0.091     1.785    count_reg[11]
  -------------------------------------------------------------------
                         required time                         -1.785    <hidden>
                         arrival time                           2.170    <hidden>
  -------------------------------------------------------------------
                         slack                                  0.385    <hidden>

Slack (MET) :             0.398ns  (arrival time - required time)
  Source:                 count_reg[7]/C
                            (rising edge-triggered cell FDCE clocked by clk_50mhz  {rise@0.000ns fall@10.000ns period=20.000ns})
  Destination:            count_reg[9]/D
                            (rising edge-triggered cell FDCE clocked by clk_50mhz  {rise@0.000ns fall@10.000ns period=20.000ns})
  Path Group:             clk_50mhz
  Path Type:              Hold (Min at Fast Process Corner)
  Requirement:            0.000ns  (clk_50mhz rise@0.000ns - clk_50mhz rise@0.000ns)
  Data Path Delay:        0.534ns  (logic 0.231ns (43.244%)  route 0.303ns (56.756%))
  Logic Levels:           2  (LUT4=1 LUT5=1)
  Clock Path Skew:        0.015ns (DCD - SCD - CPR)
    Destination Clock Delay (DCD):    2.218ns
    Source Clock Delay      (SCD):    1.693ns
    Clock Pessimism Removal (CPR):    0.510ns

    Location             Delay type                Incr(ns)  Path(ns)    Netlist Resource(s)
  -------------------------------------------------------------------    -------------------
                         (clock clk_50mhz rise edge)
                                                      0.000     0.000 r  <hidden>
    B6                                                0.000     0.000 r  clk_50mhz
                         net (fo=0)                   0.000     0.000    clk_50mhz
    B6                   IBUF (Prop_ibuf_I_O)         0.268     0.268 r  clk_50mhz_IBUF_inst/O
                         net (fo=1, routed)           0.808     1.075    clk_50mhz_IBUF
    BUFGCTRL_X0Y16       BUFG (Prop_bufg_I_O)         0.026     1.101 r  clk_50mhz_IBUF_BUFG_inst/O
                         net (fo=18, routed)          0.592     1.693    clk_50mhz_IBUF_BUFG
    SLICE_X1Y78          FDCE                                         r  count_reg[7]/C
  -------------------------------------------------------------------    -------------------
    SLICE_X1Y78          FDCE (Prop_fdce_C_Q)         0.141     1.834 r  count_reg[7]/Q
                         net (fo=2, routed)           0.118     1.952    count_reg_n_0_[7]
    SLICE_X1Y79          LUT4 (Prop_lut4_I1_O)        0.045     1.997 r  count[16]_i_5/O
                         net (fo=17, routed)          0.185     2.182    count[16]_i_5_n_0
    SLICE_X2Y79          LUT5 (Prop_lut5_I3_O)        0.045     2.227 r  count[9]_i_1/O
                         net (fo=1, routed)           0.000     2.227    count[9]
    SLICE_X2Y79          FDCE                                         r  count_reg[9]/D
  -------------------------------------------------------------------    -------------------

                         (clock clk_50mhz rise edge)
                                                      0.000     0.000 r  <hidden>
    B6                                                0.000     0.000 r  clk_50mhz
                         net (fo=0)                   0.000     0.000    clk_50mhz
    B6                   IBUF (Prop_ibuf_I_O)         0.456     0.456 r  clk_50mhz_IBUF_inst/O
                         net (fo=1, routed)           0.871     1.327    clk_50mhz_IBUF
    BUFGCTRL_X0Y16       BUFG (Prop_bufg_I_O)         0.029     1.356 r  clk_50mhz_IBUF_BUFG_inst/O
                         net (fo=18, routed)          0.863     2.218    clk_50mhz_IBUF_BUFG
    SLICE_X2Y79          FDCE                                         r  count_reg[9]/C
                         clock pessimism             -0.510     1.708    <hidden>
    SLICE_X2Y79          FDCE (Hold_fdce_C_D)         0.121     1.829    count_reg[9]
  -------------------------------------------------------------------
                         required time                         -1.829    <hidden>
                         arrival time                           2.227    <hidden>
  -------------------------------------------------------------------
                         slack                                  0.398    <hidden>

Slack (MET) :             0.401ns  (arrival time - required time)
  Source:                 count_reg[7]/C
                            (rising edge-triggered cell FDCE clocked by clk_50mhz  {rise@0.000ns fall@10.000ns period=20.000ns})
  Destination:            count_reg[12]/D
                            (rising edge-triggered cell FDCE clocked by clk_50mhz  {rise@0.000ns fall@10.000ns period=20.000ns})
  Path Group:             clk_50mhz
  Path Type:              Hold (Min at Fast Process Corner)
  Requirement:            0.000ns  (clk_50mhz rise@0.000ns - clk_50mhz rise@0.000ns)
  Data Path Delay:        0.536ns  (logic 0.231ns (43.082%)  route 0.305ns (56.918%))
  Logic Levels:           2  (LUT4=1 LUT5=1)
  Clock Path Skew:        0.015ns (DCD - SCD - CPR)
    Destination Clock Delay (DCD):    2.218ns
    Source Clock Delay      (SCD):    1.693ns
    Clock Pessimism Removal (CPR):    0.510ns

    Location             Delay type                Incr(ns)  Path(ns)    Netlist Resource(s)
  -------------------------------------------------------------------    -------------------
                         (clock clk_50mhz rise edge)
                                                      0.000     0.000 r  <hidden>
    B6                                                0.000     0.000 r  clk_50mhz
                         net (fo=0)                   0.000     0.000    clk_50mhz
    B6                   IBUF (Prop_ibuf_I_O)         0.268     0.268 r  clk_50mhz_IBUF_inst/O
                         net (fo=1, routed)           0.808     1.075    clk_50mhz_IBUF
    BUFGCTRL_X0Y16       BUFG (Prop_bufg_I_O)         0.026     1.101 r  clk_50mhz_IBUF_BUFG_inst/O
                         net (fo=18, routed)          0.592     1.693    clk_50mhz_IBUF_BUFG
    SLICE_X1Y78          FDCE                                         r  count_reg[7]/C
  -------------------------------------------------------------------    -------------------
    SLICE_X1Y78          FDCE (Prop_fdce_C_Q)         0.141     1.834 r  count_reg[7]/Q
                         net (fo=2, routed)           0.118     1.952    count_reg_n_0_[7]
    SLICE_X1Y79          LUT4 (Prop_lut4_I1_O)        0.045     1.997 r  count[16]_i_5/O
                         net (fo=17, routed)          0.187     2.184    count[16]_i_5_n_0
    SLICE_X2Y79          LUT5 (Prop_lut5_I3_O)        0.045     2.229 r  count[12]_i_1/O
                         net (fo=1, routed)           0.000     2.229    count[12]
    SLICE_X2Y79          FDCE                                         r  count_reg[12]/D
  -------------------------------------------------------------------    -------------------

                         (clock clk_50mhz rise edge)
                                                      0.000     0.000 r  <hidden>
    B6                                                0.000     0.000 r  clk_50mhz
                         net (fo=0)                   0.000     0.000    clk_50mhz
    B6                   IBUF (Prop_ibuf_I_O)         0.456     0.456 r  clk_50mhz_IBUF_inst/O
                         net (fo=1, routed)           0.871     1.327    clk_50mhz_IBUF
    BUFGCTRL_X0Y16       BUFG (Prop_bufg_I_O)         0.029     1.356 r  clk_50mhz_IBUF_BUFG_inst/O
                         net (fo=18, routed)          0.863     2.218    clk_50mhz_IBUF_BUFG
    SLICE_X2Y79          FDCE                                         r  count_reg[12]/C
                         clock pessimism             -0.510     1.708    <hidden>
    SLICE_X2Y79          FDCE (Hold_fdce_C_D)         0.120     1.828    count_reg[12]
  -------------------------------------------------------------------
                         required time                         -1.828    <hidden>
                         arrival time                           2.229    <hidden>
  -------------------------------------------------------------------
                         slack                                  0.401    <hidden>

Slack (MET) :             0.434ns  (arrival time - required time)
  Source:                 count_reg[1]/C
                            (rising edge-triggered cell FDCE clocked by clk_50mhz  {rise@0.000ns fall@10.000ns period=20.000ns})
  Destination:            count_reg[5]/D
                            (rising edge-triggered cell FDCE clocked by clk_50mhz  {rise@0.000ns fall@10.000ns period=20.000ns})
  Path Group:             clk_50mhz
  Path Type:              Hold (Min at Fast Process Corner)
  Requirement:            0.000ns  (clk_50mhz rise@0.000ns - clk_50mhz rise@0.000ns)
  Data Path Delay:        0.540ns  (logic 0.231ns (42.803%)  route 0.309ns (57.197%))
  Logic Levels:           2  (LUT5=2)
  Clock Path Skew:        0.014ns (DCD - SCD - CPR)
    Destination Clock Delay (DCD):    2.217ns
    Source Clock Delay      (SCD):    1.693ns
    Clock Pessimism Removal (CPR):    0.510ns

    Location             Delay type                Incr(ns)  Path(ns)    Netlist Resource(s)
  -------------------------------------------------------------------    -------------------
                         (clock clk_50mhz rise edge)
                                                      0.000     0.000 r  <hidden>
    B6                                                0.000     0.000 r  clk_50mhz
                         net (fo=0)                   0.000     0.000    clk_50mhz
    B6                   IBUF (Prop_ibuf_I_O)         0.268     0.268 r  clk_50mhz_IBUF_inst/O
                         net (fo=1, routed)           0.808     1.075    clk_50mhz_IBUF
    BUFGCTRL_X0Y16       BUFG (Prop_bufg_I_O)         0.026     1.101 r  clk_50mhz_IBUF_BUFG_inst/O
                         net (fo=18, routed)          0.592     1.693    clk_50mhz_IBUF_BUFG
    SLICE_X1Y77          FDCE                                         r  count_reg[1]/C
  -------------------------------------------------------------------    -------------------
    SLICE_X1Y77          FDCE (Prop_fdce_C_Q)         0.141     1.834 r  count_reg[1]/Q
                         net (fo=2, routed)           0.149     1.983    count_reg_n_0_[1]
    SLICE_X1Y78          LUT5 (Prop_lut5_I4_O)        0.045     2.028 r  count[16]_i_3/O
                         net (fo=17, routed)          0.159     2.188    count[16]_i_3_n_0
    SLICE_X1Y78          LUT5 (Prop_lut5_I1_O)        0.045     2.233 r  count[5]_i_1/O
                         net (fo=1, routed)           0.000     2.233    count[5]
    SLICE_X1Y78          FDCE                                         r  count_reg[5]/D
  -------------------------------------------------------------------    -------------------

                         (clock clk_50mhz rise edge)
                                                      0.000     0.000 r  <hidden>
    B6                                                0.000     0.000 r  clk_50mhz
                         net (fo=0)                   0.000     0.000    clk_50mhz
    B6                   IBUF (Prop_ibuf_I_O)         0.456     0.456 r  clk_50mhz_IBUF_inst/O
                         net (fo=1, routed)           0.871     1.327    clk_50mhz_IBUF
    BUFGCTRL_X0Y16       BUFG (Prop_bufg_I_O)         0.029     1.356 r  clk_50mhz_IBUF_BUFG_inst/O
                         net (fo=18, routed)          0.862     2.217    clk_50mhz_IBUF_BUFG
    SLICE_X1Y78          FDCE                                         r  count_reg[5]/C
                         clock pessimism             -0.510     1.707    <hidden>
    SLICE_X1Y78          FDCE (Hold_fdce_C_D)         0.092     1.799    count_reg[5]
  -------------------------------------------------------------------
                         required time                         -1.799    <hidden>
                         arrival time                           2.233    <hidden>
  -------------------------------------------------------------------
                         slack                                  0.434    <hidden>

Slack (MET) :             0.450ns  (arrival time - required time)
  Source:                 count_reg[11]/C
                            (rising edge-triggered cell FDCE clocked by clk_50mhz  {rise@0.000ns fall@10.000ns period=20.000ns})
  Destination:            count_reg[14]/D
                            (rising edge-triggered cell FDCE clocked by clk_50mhz  {rise@0.000ns fall@10.000ns period=20.000ns})
  Path Group:             clk_50mhz
  Path Type:              Hold (Min at Fast Process Corner)
  Requirement:            0.000ns  (clk_50mhz rise@0.000ns - clk_50mhz rise@0.000ns)
  Data Path Delay:        0.557ns  (logic 0.231ns (41.483%)  route 0.326ns (58.517%))
  Logic Levels:           2  (LUT4=1 LUT5=1)
  Clock Path Skew:        0.015ns (DCD - SCD - CPR)
    Destination Clock Delay (DCD):    2.219ns
    Source Clock Delay      (SCD):    1.694ns
    Clock Pessimism Removal (CPR):    0.510ns

    Location             Delay type                Incr(ns)  Path(ns)    Netlist Resource(s)
  -------------------------------------------------------------------    -------------------
                         (clock clk_50mhz rise edge)
                                                      0.000     0.000 r  <hidden>
    B6                                                0.000     0.000 r  clk_50mhz
                         net (fo=0)                   0.000     0.000    clk_50mhz
    B6                   IBUF (Prop_ibuf_I_O)         0.268     0.268 r  clk_50mhz_IBUF_inst/O
                         net (fo=1, routed)           0.808     1.075    clk_50mhz_IBUF
    BUFGCTRL_X0Y16       BUFG (Prop_bufg_I_O)         0.026     1.101 r  clk_50mhz_IBUF_BUFG_inst/O
                         net (fo=18, routed)          0.593     1.694    clk_50mhz_IBUF_BUFG
    SLICE_X1Y79          FDCE                                         r  count_reg[11]/C
  -------------------------------------------------------------------    -------------------
    SLICE_X1Y79          FDCE (Prop_fdce_C_Q)         0.141     1.835 f  count_reg[11]/Q
                         net (fo=2, routed)           0.145     1.980    count_reg_n_0_[11]
    SLICE_X1Y79          LUT4 (Prop_lut4_I0_O)        0.045     2.025 r  count[16]_i_4/O
                         net (fo=17, routed)          0.181     2.206    count[16]_i_4_n_0
    SLICE_X1Y80          LUT5 (Prop_lut5_I2_O)        0.045     2.251 r  count[14]_i_1/O
                         net (fo=1, routed)           0.000     2.251    count[14]
    SLICE_X1Y80          FDCE                                         r  count_reg[14]/D
  -------------------------------------------------------------------    -------------------

                         (clock clk_50mhz rise edge)
                                                      0.000     0.000 r  <hidden>
    B6                                                0.000     0.000 r  clk_50mhz
                         net (fo=0)                   0.000     0.000    clk_50mhz
    B6                   IBUF (Prop_ibuf_I_O)         0.456     0.456 r  clk_50mhz_IBUF_inst/O
                         net (fo=1, routed)           0.871     1.327    clk_50mhz_IBUF
    BUFGCTRL_X0Y16       BUFG (Prop_bufg_I_O)         0.029     1.356 r  clk_50mhz_IBUF_BUFG_inst/O
                         net (fo=18, routed)          0.864     2.219    clk_50mhz_IBUF_BUFG
    SLICE_X1Y80          FDCE                                         r  count_reg[14]/C
                         clock pessimism             -0.510     1.709    <hidden>
    SLICE_X1Y80          FDCE (Hold_fdce_C_D)         0.092     1.801    count_reg[14]
  -------------------------------------------------------------------
                         required time                         -1.801    <hidden>
                         arrival time                           2.251    <hidden>
  -------------------------------------------------------------------
                         slack                                  0.450    <hidden>

Slack (MET) :             0.452ns  (arrival time - required time)
  Source:                 count_reg[11]/C
                            (rising edge-triggered cell FDCE clocked by clk_50mhz  {rise@0.000ns fall@10.000ns period=20.000ns})
  Destination:            count_reg[13]/D
                            (rising edge-triggered cell FDCE clocked by clk_50mhz  {rise@0.000ns fall@10.000ns period=20.000ns})
  Path Group:             clk_50mhz
  Path Type:              Hold (Min at Fast Process Corner)
  Requirement:            0.000ns  (clk_50mhz rise@0.000ns - clk_50mhz rise@0.000ns)
  Data Path Delay:        0.558ns  (logic 0.231ns (41.409%)  route 0.327ns (58.591%))
  Logic Levels:           2  (LUT4=1 LUT5=1)
  Clock Path Skew:        0.015ns (DCD - SCD - CPR)
    Destination Clock Delay (DCD):    2.219ns
    Source Clock Delay      (SCD):    1.694ns
    Clock Pessimism Removal (CPR):    0.510ns

    Location             Delay type                Incr(ns)  Path(ns)    Netlist Resource(s)
  -------------------------------------------------------------------    -------------------
                         (clock clk_50mhz rise edge)
                                                      0.000     0.000 r  <hidden>
    B6                                                0.000     0.000 r  clk_50mhz
                         net (fo=0)                   0.000     0.000    clk_50mhz
    B6                   IBUF (Prop_ibuf_I_O)         0.268     0.268 r  clk_50mhz_IBUF_inst/O
                         net (fo=1, routed)           0.808     1.075    clk_50mhz_IBUF
    BUFGCTRL_X0Y16       BUFG (Prop_bufg_I_O)         0.026     1.101 r  clk_50mhz_IBUF_BUFG_inst/O
                         net (fo=18, routed)          0.593     1.694    clk_50mhz_IBUF_BUFG
    SLICE_X1Y79          FDCE                                         r  count_reg[11]/C
  -------------------------------------------------------------------    -------------------
    SLICE_X1Y79          FDCE (Prop_fdce_C_Q)         0.141     1.835 f  count_reg[11]/Q
                         net (fo=2, routed)           0.145     1.980    count_reg_n_0_[11]
    SLICE_X1Y79          LUT4 (Prop_lut4_I0_O)        0.045     2.025 r  count[16]_i_4/O
                         net (fo=17, routed)          0.182     2.207    count[16]_i_4_n_0
    SLICE_X1Y80          LUT5 (Prop_lut5_I2_O)        0.045     2.252 r  count[13]_i_1/O
                         net (fo=1, routed)           0.000     2.252    count[13]
    SLICE_X1Y80          FDCE                                         r  count_reg[13]/D
  -------------------------------------------------------------------    -------------------

                         (clock clk_50mhz rise edge)
                                                      0.000     0.000 r  <hidden>
    B6                                                0.000     0.000 r  clk_50mhz
                         net (fo=0)                   0.000     0.000    clk_50mhz
    B6                   IBUF (Prop_ibuf_I_O)         0.456     0.456 r  clk_50mhz_IBUF_inst/O
                         net (fo=1, routed)           0.871     1.327    clk_50mhz_IBUF
    BUFGCTRL_X0Y16       BUFG (Prop_bufg_I_O)         0.029     1.356 r  clk_50mhz_IBUF_BUFG_inst/O
                         net (fo=18, routed)          0.864     2.219    clk_50mhz_IBUF_BUFG
    SLICE_X1Y80          FDCE                                         r  count_reg[13]/C
                         clock pessimism             -0.510     1.709    <hidden>
    SLICE_X1Y80          FDCE (Hold_fdce_C_D)         0.091     1.800    count_reg[13]
  -------------------------------------------------------------------
                         required time                         -1.800    <hidden>
                         arrival time                           2.252    <hidden>
  -------------------------------------------------------------------
                         slack                                  0.452    <hidden>

Slack (MET) :             0.453ns  (arrival time - required time)
  Source:                 count_reg[1]/C
                            (rising edge-triggered cell FDCE clocked by clk_50mhz  {rise@0.000ns fall@10.000ns period=20.000ns})
  Destination:            count_reg[4]/D
                            (rising edge-triggered cell FDCE clocked by clk_50mhz  {rise@0.000ns fall@10.000ns period=20.000ns})
  Path Group:             clk_50mhz
  Path Type:              Hold (Min at Fast Process Corner)
  Requirement:            0.000ns  (clk_50mhz rise@0.000ns - clk_50mhz rise@0.000ns)
  Data Path Delay:        0.586ns  (logic 0.231ns (39.427%)  route 0.355ns (60.573%))
  Logic Levels:           2  (LUT5=2)
  Clock Path Skew:        0.013ns (DCD - SCD - CPR)
    Destination Clock Delay (DCD):    2.216ns
    Source Clock Delay      (SCD):    1.693ns
    Clock Pessimism Removal (CPR):    0.510ns

    Location             Delay type                Incr(ns)  Path(ns)    Netlist Resource(s)
  -------------------------------------------------------------------    -------------------
                         (clock clk_50mhz rise edge)
                                                      0.000     0.000 r  <hidden>
    B6                                                0.000     0.000 r  clk_50mhz
                         net (fo=0)                   0.000     0.000    clk_50mhz
    B6                   IBUF (Prop_ibuf_I_O)         0.268     0.268 r  clk_50mhz_IBUF_inst/O
                         net (fo=1, routed)           0.808     1.075    clk_50mhz_IBUF
    BUFGCTRL_X0Y16       BUFG (Prop_bufg_I_O)         0.026     1.101 r  clk_50mhz_IBUF_BUFG_inst/O
                         net (fo=18, routed)          0.592     1.693    clk_50mhz_IBUF_BUFG
    SLICE_X1Y77          FDCE                                         r  count_reg[1]/C
  -------------------------------------------------------------------    -------------------
    SLICE_X1Y77          FDCE (Prop_fdce_C_Q)         0.141     1.834 r  count_reg[1]/Q
                         net (fo=2, routed)           0.149     1.983    count_reg_n_0_[1]
    SLICE_X1Y78          LUT5 (Prop_lut5_I4_O)        0.045     2.028 r  count[16]_i_3/O
                         net (fo=17, routed)          0.206     2.234    count[16]_i_3_n_0
    SLICE_X2Y77          LUT5 (Prop_lut5_I1_O)        0.045     2.279 r  count[4]_i_1/O
                         net (fo=1, routed)           0.000     2.279    count[4]
    SLICE_X2Y77          FDCE                                         r  count_reg[4]/D
  -------------------------------------------------------------------    -------------------

                         (clock clk_50mhz rise edge)
                                                      0.000     0.000 r  <hidden>
    B6                                                0.000     0.000 r  clk_50mhz
                         net (fo=0)                   0.000     0.000    clk_50mhz
    B6                   IBUF (Prop_ibuf_I_O)         0.456     0.456 r  clk_50mhz_IBUF_inst/O
                         net (fo=1, routed)           0.871     1.327    clk_50mhz_IBUF
    BUFGCTRL_X0Y16       BUFG (Prop_bufg_I_O)         0.029     1.356 r  clk_50mhz_IBUF_BUFG_inst/O
                         net (fo=18, routed)          0.861     2.216    clk_50mhz_IBUF_BUFG
    SLICE_X2Y77          FDCE                                         r  count_reg[4]/C
                         clock pessimism             -0.510     1.706    <hidden>
    SLICE_X2Y77          FDCE (Hold_fdce_C_D)         0.120     1.826    count_reg[4]
  -------------------------------------------------------------------
                         required time                         -1.826    <hidden>
                         arrival time                           2.279    <hidden>
  -------------------------------------------------------------------
                         slack                                  0.453    <hidden>





Pulse Width Checks
--------------------------------------------------------------------------------------
Clock Name:         clk_50mhz
Waveform(ns):       { 0.000 10.000 }
Period(ns):         20.000
Sources:            { clk_50mhz }

Check Type        Corner  Lib Pin  Reference Pin  Required(ns)  Actual(ns)  Slack(ns)  Location        Pin
Min Period        n/a     BUFG/I   n/a            2.155         20.000      17.845     BUFGCTRL_X0Y16  clk_50mhz_IBUF_BUFG_inst/I
Min Period        n/a     FDCE/C   n/a            1.000         20.000      19.000     SLICE_X1Y78     count_reg[0]/C
Min Period        n/a     FDCE/C   n/a            1.000         20.000      19.000     SLICE_X1Y79     count_reg[10]/C
Min Period        n/a     FDCE/C   n/a            1.000         20.000      19.000     SLICE_X1Y79     count_reg[11]/C
Min Period        n/a     FDCE/C   n/a            1.000         20.000      19.000     SLICE_X2Y79     count_reg[12]/C
Min Period        n/a     FDCE/C   n/a            1.000         20.000      19.000     SLICE_X1Y80     count_reg[13]/C
Min Period        n/a     FDCE/C   n/a            1.000         20.000      19.000     SLICE_X1Y80     count_reg[14]/C
Min Period        n/a     FDCE/C   n/a            1.000         20.000      19.000     SLICE_X1Y80     count_reg[15]/C
Min Period        n/a     FDCE/C   n/a            1.000         20.000      19.000     SLICE_X1Y80     count_reg[16]/C
Min Period        n/a     FDCE/C   n/a            1.000         20.000      19.000     SLICE_X1Y77     count_reg[1]/C
Low Pulse Width   Slow    FDCE/C   n/a            0.500         10.000      9.500      SLICE_X1Y78     count_reg[0]/C
Low Pulse Width   Fast    FDCE/C   n/a            0.500         10.000      9.500      SLICE_X1Y78     count_reg[0]/C
Low Pulse Width   Slow    FDCE/C   n/a            0.500         10.000      9.500      SLICE_X1Y79     count_reg[10]/C
Low Pulse Width   Fast    FDCE/C   n/a            0.500         10.000      9.500      SLICE_X1Y79     count_reg[10]/C
Low Pulse Width   Slow    FDCE/C   n/a            0.500         10.000      9.500      SLICE_X1Y79     count_reg[11]/C
Low Pulse Width   Fast    FDCE/C   n/a            0.500         10.000      9.500      SLICE_X1Y79     count_reg[11]/C
Low Pulse Width   Slow    FDCE/C   n/a            0.500         10.000      9.500      SLICE_X2Y79     count_reg[12]/C
Low Pulse Width   Fast    FDCE/C   n/a            0.500         10.000      9.500      SLICE_X2Y79     count_reg[12]/C
Low Pulse Width   Slow    FDCE/C   n/a            0.500         10.000      9.500      SLICE_X1Y80     count_reg[13]/C
Low Pulse Width   Fast    FDCE/C   n/a            0.500         10.000      9.500      SLICE_X1Y80     count_reg[13]/C
High Pulse Width  Slow    FDCE/C   n/a            0.500         10.000      9.500      SLICE_X1Y78     count_reg[0]/C
High Pulse Width  Fast    FDCE/C   n/a            0.500         10.000      9.500      SLICE_X1Y78     count_reg[0]/C
High Pulse Width  Slow    FDCE/C   n/a            0.500         10.000      9.500      SLICE_X1Y79     count_reg[10]/C
High Pulse Width  Fast    FDCE/C   n/a            0.500         10.000      9.500      SLICE_X1Y79     count_reg[10]/C
High Pulse Width  Slow    FDCE/C   n/a            0.500         10.000      9.500      SLICE_X1Y79     count_reg[11]/C
High Pulse Width  Fast    FDCE/C   n/a            0.500         10.000      9.500      SLICE_X1Y79     count_reg[11]/C
High Pulse Width  Slow    FDCE/C   n/a            0.500         10.000      9.500      SLICE_X2Y79     count_reg[12]/C
High Pulse Width  Fast    FDCE/C   n/a            0.500         10.000      9.500      SLICE_X2Y79     count_reg[12]/C
High Pulse Width  Slow    FDCE/C   n/a            0.500         10.000      9.500      SLICE_X1Y80     count_reg[13]/C
High Pulse Width  Fast    FDCE/C   n/a            0.500         10.000      9.500      SLICE_X1Y80     count_reg[13]/C



--------------------------------------------------------------------------------------
Path Group:  (none)
From Clock:  
  To Clock:  clk_50mhz

Max Delay            18 Endpoints
Min Delay            18 Endpoints
--------------------------------------------------------------------------------------


Max Delay Paths
--------------------------------------------------------------------------------------
Slack:                    inf
  Source:                 rst_p
                            (input port)
  Destination:            count_reg[6]/CLR
                            (recovery check against rising-edge clock clk_50mhz  {rise@0.000ns fall@10.000ns period=20.000ns})
  Path Group:             (none)
  Path Type:              Recovery (Max at Slow Process Corner)
  Data Path Delay:        6.555ns  (logic 1.468ns (22.400%)  route 5.087ns (77.600%))
  Logic Levels:           1  (IBUF=1)
  Clock Path Skew:        5.304ns (DCD - SCD + CPR)
    Destination Clock Delay (DCD):    5.304ns
    Source Clock Delay      (SCD):    0.000ns
    Clock Pessimism Removal (CPR):    0.000ns
  Clock Uncertainty:      0.025ns  ((TSJ^2 + TIJ^2)^1/2 + DJ) / 2 + PE
    Total System Jitter     (TSJ):    0.050ns
    Total Input Jitter      (TIJ):    0.000ns
    Discrete Jitter          (DJ):    0.000ns
    Phase Error              (PE):    0.000ns
  Timing Exception:       False Path

    Location             Delay type                Incr(ns)  Path(ns)    Netlist Resource(s)
  -------------------------------------------------------------------    -------------------
    K4                                                0.000     0.000 f  rst_p
                         net (fo=0)                   0.000     0.000    rst_p
    K4                   IBUF (Prop_ibuf_I_O)         1.468     1.468 f  rst_p_IBUF_inst/O
                         net (fo=18, routed)          5.087     6.555    rst_p_IBUF
    SLICE_X2Y78          FDCE                                         f  count_reg[6]/CLR
  -------------------------------------------------------------------    -------------------

                         (clock clk_50mhz rise edge)
                                                      0.000     0.000 r  <hidden>
    B6                                                0.000     0.000 r  clk_50mhz
                         net (fo=0)                   0.000     0.000    clk_50mhz
    B6                   IBUF (Prop_ibuf_I_O)         1.429     1.429 r  clk_50mhz_IBUF_inst/O
                         net (fo=1, routed)           2.196     3.625    clk_50mhz_IBUF
    BUFGCTRL_X0Y16       BUFG (Prop_bufg_I_O)         0.091     3.716 r  clk_50mhz_IBUF_BUFG_inst/O
                         net (fo=18, routed)          1.587     5.304    clk_50mhz_IBUF_BUFG
    SLICE_X2Y78          FDCE                                         r  count_reg[6]/C

Slack:                    inf
  Source:                 rst_p
                            (input port)
  Destination:            count_reg[1]/CLR
                            (recovery check against rising-edge clock clk_50mhz  {rise@0.000ns fall@10.000ns period=20.000ns})
  Path Group:             (none)
  Path Type:              Recovery (Max at Slow Process Corner)
  Data Path Delay:        6.548ns  (logic 1.468ns (22.424%)  route 5.080ns (77.576%))
  Logic Levels:           1  (IBUF=1)
  Clock Path Skew:        5.302ns (DCD - SCD + CPR)
    Destination Clock Delay (DCD):    5.302ns
    Source Clock Delay      (SCD):    0.000ns
    Clock Pessimism Removal (CPR):    0.000ns
  Clock Uncertainty:      0.025ns  ((TSJ^2 + TIJ^2)^1/2 + DJ) / 2 + PE
    Total System Jitter     (TSJ):    0.050ns
    Total Input Jitter      (TIJ):    0.000ns
    Discrete Jitter          (DJ):    0.000ns
    Phase Error              (PE):    0.000ns
  Timing Exception:       False Path

    Location             Delay type                Incr(ns)  Path(ns)    Netlist Resource(s)
  -------------------------------------------------------------------    -------------------
    K4                                                0.000     0.000 f  rst_p
                         net (fo=0)                   0.000     0.000    rst_p
    K4                   IBUF (Prop_ibuf_I_O)         1.468     1.468 f  rst_p_IBUF_inst/O
                         net (fo=18, routed)          5.080     6.548    rst_p_IBUF
    SLICE_X1Y77          FDCE                                         f  count_reg[1]/CLR
  -------------------------------------------------------------------    -------------------

                         (clock clk_50mhz rise edge)
                                                      0.000     0.000 r  <hidden>
    B6                                                0.000     0.000 r  clk_50mhz
                         net (fo=0)                   0.000     0.000    clk_50mhz
    B6                   IBUF (Prop_ibuf_I_O)         1.429     1.429 r  clk_50mhz_IBUF_inst/O
                         net (fo=1, routed)           2.196     3.625    clk_50mhz_IBUF
    BUFGCTRL_X0Y16       BUFG (Prop_bufg_I_O)         0.091     3.716 r  clk_50mhz_IBUF_BUFG_inst/O
                         net (fo=18, routed)          1.585     5.302    clk_50mhz_IBUF_BUFG
    SLICE_X1Y77          FDCE                                         r  count_reg[1]/C

Slack:                    inf
  Source:                 rst_p
                            (input port)
  Destination:            count_reg[2]/CLR
                            (recovery check against rising-edge clock clk_50mhz  {rise@0.000ns fall@10.000ns period=20.000ns})
  Path Group:             (none)
  Path Type:              Recovery (Max at Slow Process Corner)
  Data Path Delay:        6.548ns  (logic 1.468ns (22.424%)  route 5.080ns (77.576%))
  Logic Levels:           1  (IBUF=1)
  Clock Path Skew:        5.302ns (DCD - SCD + CPR)
    Destination Clock Delay (DCD):    5.302ns
    Source Clock Delay      (SCD):    0.000ns
    Clock Pessimism Removal (CPR):    0.000ns
  Clock Uncertainty:      0.025ns  ((TSJ^2 + TIJ^2)^1/2 + DJ) / 2 + PE
    Total System Jitter     (TSJ):    0.050ns
    Total Input Jitter      (TIJ):    0.000ns
    Discrete Jitter          (DJ):    0.000ns
    Phase Error              (PE):    0.000ns
  Timing Exception:       False Path

    Location             Delay type                Incr(ns)  Path(ns)    Netlist Resource(s)
  -------------------------------------------------------------------    -------------------
    K4                                                0.000     0.000 f  rst_p
                         net (fo=0)                   0.000     0.000    rst_p
    K4                   IBUF (Prop_ibuf_I_O)         1.468     1.468 f  rst_p_IBUF_inst/O
                         net (fo=18, routed)          5.080     6.548    rst_p_IBUF
    SLICE_X1Y77          FDCE                                         f  count_reg[2]/CLR
  -------------------------------------------------------------------    -------------------

                         (clock clk_50mhz rise edge)
                                                      0.000     0.000 r  <hidden>
    B6                                                0.000     0.000 r  clk_50mhz
                         net (fo=0)                   0.000     0.000    clk_50mhz
    B6                   IBUF (Prop_ibuf_I_O)         1.429     1.429 r  clk_50mhz_IBUF_inst/O
                         net (fo=1, routed)           2.196     3.625    clk_50mhz_IBUF
    BUFGCTRL_X0Y16       BUFG (Prop_bufg_I_O)         0.091     3.716 r  clk_50mhz_IBUF_BUFG_inst/O
                         net (fo=18, routed)          1.585     5.302    clk_50mhz_IBUF_BUFG
    SLICE_X1Y77          FDCE                                         r  count_reg[2]/C

Slack:                    inf
  Source:                 rst_p
                            (input port)
  Destination:            count_reg[3]/CLR
                            (recovery check against rising-edge clock clk_50mhz  {rise@0.000ns fall@10.000ns period=20.000ns})
  Path Group:             (none)
  Path Type:              Recovery (Max at Slow Process Corner)
  Data Path Delay:        6.548ns  (logic 1.468ns (22.424%)  route 5.080ns (77.576%))
  Logic Levels:           1  (IBUF=1)
  Clock Path Skew:        5.302ns (DCD - SCD + CPR)
    Destination Clock Delay (DCD):    5.302ns
    Source Clock Delay      (SCD):    0.000ns
    Clock Pessimism Removal (CPR):    0.000ns
  Clock Uncertainty:      0.025ns  ((TSJ^2 + TIJ^2)^1/2 + DJ) / 2 + PE
    Total System Jitter     (TSJ):    0.050ns
    Total Input Jitter      (TIJ):    0.000ns
    Discrete Jitter          (DJ):    0.000ns
    Phase Error              (PE):    0.000ns
  Timing Exception:       False Path

    Location             Delay type                Incr(ns)  Path(ns)    Netlist Resource(s)
  -------------------------------------------------------------------    -------------------
    K4                                                0.000     0.000 f  rst_p
                         net (fo=0)                   0.000     0.000    rst_p
    K4                   IBUF (Prop_ibuf_I_O)         1.468     1.468 f  rst_p_IBUF_inst/O
                         net (fo=18, routed)          5.080     6.548    rst_p_IBUF
    SLICE_X1Y77          FDCE                                         f  count_reg[3]/CLR
  -------------------------------------------------------------------    -------------------

                         (clock clk_50mhz rise edge)
                                                      0.000     0.000 r  <hidden>
    B6                                                0.000     0.000 r  clk_50mhz
                         net (fo=0)                   0.000     0.000    clk_50mhz
    B6                   IBUF (Prop_ibuf_I_O)         1.429     1.429 r  clk_50mhz_IBUF_inst/O
                         net (fo=1, routed)           2.196     3.625    clk_50mhz_IBUF
    BUFGCTRL_X0Y16       BUFG (Prop_bufg_I_O)         0.091     3.716 r  clk_50mhz_IBUF_BUFG_inst/O
                         net (fo=18, routed)          1.585     5.302    clk_50mhz_IBUF_BUFG
    SLICE_X1Y77          FDCE                                         r  count_reg[3]/C

Slack:                    inf
  Source:                 rst_p
                            (input port)
  Destination:            count_reg[13]/CLR
                            (recovery check against rising-edge clock clk_50mhz  {rise@0.000ns fall@10.000ns period=20.000ns})
  Path Group:             (none)
  Path Type:              Recovery (Max at Slow Process Corner)
  Data Path Delay:        6.392ns  (logic 1.468ns (22.972%)  route 4.924ns (77.028%))
  Logic Levels:           1  (IBUF=1)
  Clock Path Skew:        5.305ns (DCD - SCD + CPR)
    Destination Clock Delay (DCD):    5.305ns
    Source Clock Delay      (SCD):    0.000ns
    Clock Pessimism Removal (CPR):    0.000ns
  Clock Uncertainty:      0.025ns  ((TSJ^2 + TIJ^2)^1/2 + DJ) / 2 + PE
    Total System Jitter     (TSJ):    0.050ns
    Total Input Jitter      (TIJ):    0.000ns
    Discrete Jitter          (DJ):    0.000ns
    Phase Error              (PE):    0.000ns
  Timing Exception:       False Path

    Location             Delay type                Incr(ns)  Path(ns)    Netlist Resource(s)
  -------------------------------------------------------------------    -------------------
    K4                                                0.000     0.000 f  rst_p
                         net (fo=0)                   0.000     0.000    rst_p
    K4                   IBUF (Prop_ibuf_I_O)         1.468     1.468 f  rst_p_IBUF_inst/O
                         net (fo=18, routed)          4.924     6.392    rst_p_IBUF
    SLICE_X1Y80          FDCE                                         f  count_reg[13]/CLR
  -------------------------------------------------------------------    -------------------

                         (clock clk_50mhz rise edge)
                                                      0.000     0.000 r  <hidden>
    B6                                                0.000     0.000 r  clk_50mhz
                         net (fo=0)                   0.000     0.000    clk_50mhz
    B6                   IBUF (Prop_ibuf_I_O)         1.429     1.429 r  clk_50mhz_IBUF_inst/O
                         net (fo=1, routed)           2.196     3.625    clk_50mhz_IBUF
    BUFGCTRL_X0Y16       BUFG (Prop_bufg_I_O)         0.091     3.716 r  clk_50mhz_IBUF_BUFG_inst/O
                         net (fo=18, routed)          1.588     5.305    clk_50mhz_IBUF_BUFG
    SLICE_X1Y80          FDCE                                         r  count_reg[13]/C

Slack:                    inf
  Source:                 rst_p
                            (input port)
  Destination:            count_reg[14]/CLR
                            (recovery check against rising-edge clock clk_50mhz  {rise@0.000ns fall@10.000ns period=20.000ns})
  Path Group:             (none)
  Path Type:              Recovery (Max at Slow Process Corner)
  Data Path Delay:        6.392ns  (logic 1.468ns (22.972%)  route 4.924ns (77.028%))
  Logic Levels:           1  (IBUF=1)
  Clock Path Skew:        5.305ns (DCD - SCD + CPR)
    Destination Clock Delay (DCD):    5.305ns
    Source Clock Delay      (SCD):    0.000ns
    Clock Pessimism Removal (CPR):    0.000ns
  Clock Uncertainty:      0.025ns  ((TSJ^2 + TIJ^2)^1/2 + DJ) / 2 + PE
    Total System Jitter     (TSJ):    0.050ns
    Total Input Jitter      (TIJ):    0.000ns
    Discrete Jitter          (DJ):    0.000ns
    Phase Error              (PE):    0.000ns
  Timing Exception:       False Path

    Location             Delay type                Incr(ns)  Path(ns)    Netlist Resource(s)
  -------------------------------------------------------------------    -------------------
    K4                                                0.000     0.000 f  rst_p
                         net (fo=0)                   0.000     0.000    rst_p
    K4                   IBUF (Prop_ibuf_I_O)         1.468     1.468 f  rst_p_IBUF_inst/O
                         net (fo=18, routed)          4.924     6.392    rst_p_IBUF
    SLICE_X1Y80          FDCE                                         f  count_reg[14]/CLR
  -------------------------------------------------------------------    -------------------

                         (clock clk_50mhz rise edge)
                                                      0.000     0.000 r  <hidden>
    B6                                                0.000     0.000 r  clk_50mhz
                         net (fo=0)                   0.000     0.000    clk_50mhz
    B6                   IBUF (Prop_ibuf_I_O)         1.429     1.429 r  clk_50mhz_IBUF_inst/O
                         net (fo=1, routed)           2.196     3.625    clk_50mhz_IBUF
    BUFGCTRL_X0Y16       BUFG (Prop_bufg_I_O)         0.091     3.716 r  clk_50mhz_IBUF_BUFG_inst/O
                         net (fo=18, routed)          1.588     5.305    clk_50mhz_IBUF_BUFG
    SLICE_X1Y80          FDCE                                         r  count_reg[14]/C

Slack:                    inf
  Source:                 rst_p
                            (input port)
  Destination:            count_reg[15]/CLR
                            (recovery check against rising-edge clock clk_50mhz  {rise@0.000ns fall@10.000ns period=20.000ns})
  Path Group:             (none)
  Path Type:              Recovery (Max at Slow Process Corner)
  Data Path Delay:        6.392ns  (logic 1.468ns (22.972%)  route 4.924ns (77.028%))
  Logic Levels:           1  (IBUF=1)
  Clock Path Skew:        5.305ns (DCD - SCD + CPR)
    Destination Clock Delay (DCD):    5.305ns
    Source Clock Delay      (SCD):    0.000ns
    Clock Pessimism Removal (CPR):    0.000ns
  Clock Uncertainty:      0.025ns  ((TSJ^2 + TIJ^2)^1/2 + DJ) / 2 + PE
    Total System Jitter     (TSJ):    0.050ns
    Total Input Jitter      (TIJ):    0.000ns
    Discrete Jitter          (DJ):    0.000ns
    Phase Error              (PE):    0.000ns
  Timing Exception:       False Path

    Location             Delay type                Incr(ns)  Path(ns)    Netlist Resource(s)
  -------------------------------------------------------------------    -------------------
    K4                                                0.000     0.000 f  rst_p
                         net (fo=0)                   0.000     0.000    rst_p
    K4                   IBUF (Prop_ibuf_I_O)         1.468     1.468 f  rst_p_IBUF_inst/O
                         net (fo=18, routed)          4.924     6.392    rst_p_IBUF
    SLICE_X1Y80          FDCE                                         f  count_reg[15]/CLR
  -------------------------------------------------------------------    -------------------

                         (clock clk_50mhz rise edge)
                                                      0.000     0.000 r  <hidden>
    B6                                                0.000     0.000 r  clk_50mhz
                         net (fo=0)                   0.000     0.000    clk_50mhz
    B6                   IBUF (Prop_ibuf_I_O)         1.429     1.429 r  clk_50mhz_IBUF_inst/O
                         net (fo=1, routed)           2.196     3.625    clk_50mhz_IBUF
    BUFGCTRL_X0Y16       BUFG (Prop_bufg_I_O)         0.091     3.716 r  clk_50mhz_IBUF_BUFG_inst/O
                         net (fo=18, routed)          1.588     5.305    clk_50mhz_IBUF_BUFG
    SLICE_X1Y80          FDCE                                         r  count_reg[15]/C

Slack:                    inf
  Source:                 rst_p
                            (input port)
  Destination:            count_reg[16]/CLR
                            (recovery check against rising-edge clock clk_50mhz  {rise@0.000ns fall@10.000ns period=20.000ns})
  Path Group:             (none)
  Path Type:              Recovery (Max at Slow Process Corner)
  Data Path Delay:        6.392ns  (logic 1.468ns (22.972%)  route 4.924ns (77.028%))
  Logic Levels:           1  (IBUF=1)
  Clock Path Skew:        5.305ns (DCD - SCD + CPR)
    Destination Clock Delay (DCD):    5.305ns
    Source Clock Delay      (SCD):    0.000ns
    Clock Pessimism Removal (CPR):    0.000ns
  Clock Uncertainty:      0.025ns  ((TSJ^2 + TIJ^2)^1/2 + DJ) / 2 + PE
    Total System Jitter     (TSJ):    0.050ns
    Total Input Jitter      (TIJ):    0.000ns
    Discrete Jitter          (DJ):    0.000ns
    Phase Error              (PE):    0.000ns
  Timing Exception:       False Path

    Location             Delay type                Incr(ns)  Path(ns)    Netlist Resource(s)
  -------------------------------------------------------------------    -------------------
    K4                                                0.000     0.000 f  rst_p
                         net (fo=0)                   0.000     0.000    rst_p
    K4                   IBUF (Prop_ibuf_I_O)         1.468     1.468 f  rst_p_IBUF_inst/O
                         net (fo=18, routed)          4.924     6.392    rst_p_IBUF
    SLICE_X1Y80          FDCE                                         f  count_reg[16]/CLR
  -------------------------------------------------------------------    -------------------

                         (clock clk_50mhz rise edge)
                                                      0.000     0.000 r  <hidden>
    B6                                                0.000     0.000 r  clk_50mhz
                         net (fo=0)                   0.000     0.000    clk_50mhz
    B6                   IBUF (Prop_ibuf_I_O)         1.429     1.429 r  clk_50mhz_IBUF_inst/O
                         net (fo=1, routed)           2.196     3.625    clk_50mhz_IBUF
    BUFGCTRL_X0Y16       BUFG (Prop_bufg_I_O)         0.091     3.716 r  clk_50mhz_IBUF_BUFG_inst/O
                         net (fo=18, routed)          1.588     5.305    clk_50mhz_IBUF_BUFG
    SLICE_X1Y80          FDCE                                         r  count_reg[16]/C

Slack:                    inf
  Source:                 rst_p
                            (input port)
  Destination:            count_reg[0]/CLR
                            (recovery check against rising-edge clock clk_50mhz  {rise@0.000ns fall@10.000ns period=20.000ns})
  Path Group:             (none)
  Path Type:              Recovery (Max at Slow Process Corner)
  Data Path Delay:        6.269ns  (logic 1.468ns (23.424%)  route 4.800ns (76.576%))
  Logic Levels:           1  (IBUF=1)
  Clock Path Skew:        5.304ns (DCD - SCD + CPR)
    Destination Clock Delay (DCD):    5.304ns
    Source Clock Delay      (SCD):    0.000ns
    Clock Pessimism Removal (CPR):    0.000ns
  Clock Uncertainty:      0.025ns  ((TSJ^2 + TIJ^2)^1/2 + DJ) / 2 + PE
    Total System Jitter     (TSJ):    0.050ns
    Total Input Jitter      (TIJ):    0.000ns
    Discrete Jitter          (DJ):    0.000ns
    Phase Error              (PE):    0.000ns
  Timing Exception:       False Path

    Location             Delay type                Incr(ns)  Path(ns)    Netlist Resource(s)
  -------------------------------------------------------------------    -------------------
    K4                                                0.000     0.000 f  rst_p
                         net (fo=0)                   0.000     0.000    rst_p
    K4                   IBUF (Prop_ibuf_I_O)         1.468     1.468 f  rst_p_IBUF_inst/O
                         net (fo=18, routed)          4.800     6.269    rst_p_IBUF
    SLICE_X1Y78          FDCE                                         f  count_reg[0]/CLR
  -------------------------------------------------------------------    -------------------

                         (clock clk_50mhz rise edge)
                                                      0.000     0.000 r  <hidden>
    B6                                                0.000     0.000 r  clk_50mhz
                         net (fo=0)                   0.000     0.000    clk_50mhz
    B6                   IBUF (Prop_ibuf_I_O)         1.429     1.429 r  clk_50mhz_IBUF_inst/O
                         net (fo=1, routed)           2.196     3.625    clk_50mhz_IBUF
    BUFGCTRL_X0Y16       BUFG (Prop_bufg_I_O)         0.091     3.716 r  clk_50mhz_IBUF_BUFG_inst/O
                         net (fo=18, routed)          1.587     5.304    clk_50mhz_IBUF_BUFG
    SLICE_X1Y78          FDCE                                         r  count_reg[0]/C

Slack:                    inf
  Source:                 rst_p
                            (input port)
  Destination:            count_reg[5]/CLR
                            (recovery check against rising-edge clock clk_50mhz  {rise@0.000ns fall@10.000ns period=20.000ns})
  Path Group:             (none)
  Path Type:              Recovery (Max at Slow Process Corner)
  Data Path Delay:        6.269ns  (logic 1.468ns (23.424%)  route 4.800ns (76.576%))
  Logic Levels:           1  (IBUF=1)
  Clock Path Skew:        5.304ns (DCD - SCD + CPR)
    Destination Clock Delay (DCD):    5.304ns
    Source Clock Delay      (SCD):    0.000ns
    Clock Pessimism Removal (CPR):    0.000ns
  Clock Uncertainty:      0.025ns  ((TSJ^2 + TIJ^2)^1/2 + DJ) / 2 + PE
    Total System Jitter     (TSJ):    0.050ns
    Total Input Jitter      (TIJ):    0.000ns
    Discrete Jitter          (DJ):    0.000ns
    Phase Error              (PE):    0.000ns
  Timing Exception:       False Path

    Location             Delay type                Incr(ns)  Path(ns)    Netlist Resource(s)
  -------------------------------------------------------------------    -------------------
    K4                                                0.000     0.000 f  rst_p
                         net (fo=0)                   0.000     0.000    rst_p
    K4                   IBUF (Prop_ibuf_I_O)         1.468     1.468 f  rst_p_IBUF_inst/O
                         net (fo=18, routed)          4.800     6.269    rst_p_IBUF
    SLICE_X1Y78          FDCE                                         f  count_reg[5]/CLR
  -------------------------------------------------------------------    -------------------

                         (clock clk_50mhz rise edge)
                                                      0.000     0.000 r  <hidden>
    B6                                                0.000     0.000 r  clk_50mhz
                         net (fo=0)                   0.000     0.000    clk_50mhz
    B6                   IBUF (Prop_ibuf_I_O)         1.429     1.429 r  clk_50mhz_IBUF_inst/O
                         net (fo=1, routed)           2.196     3.625    clk_50mhz_IBUF
    BUFGCTRL_X0Y16       BUFG (Prop_bufg_I_O)         0.091     3.716 r  clk_50mhz_IBUF_BUFG_inst/O
                         net (fo=18, routed)          1.587     5.304    clk_50mhz_IBUF_BUFG
    SLICE_X1Y78          FDCE                                         r  count_reg[5]/C





Min Delay Paths
--------------------------------------------------------------------------------------
Slack:                    inf
  Source:                 rst_p
                            (input port)
  Destination:            count_reg[10]/CLR
                            (removal check against rising-edge clock clk_50mhz  {rise@0.000ns fall@10.000ns period=20.000ns})
  Path Group:             (none)
  Path Type:              Removal (Min at Fast Process Corner)
  Data Path Delay:        2.408ns  (logic 0.236ns (9.818%)  route 2.171ns (90.182%))
  Logic Levels:           1  (IBUF=1)
  Clock Path Skew:        2.218ns (DCD - SCD - CPR)
    Destination Clock Delay (DCD):    2.218ns
    Source Clock Delay      (SCD):    0.000ns
    Clock Pessimism Removal (CPR):    -0.000ns
  Timing Exception:       False Path

    Location             Delay type                Incr(ns)  Path(ns)    Netlist Resource(s)
  -------------------------------------------------------------------    -------------------
    K4                                                0.000     0.000 f  rst_p
                         net (fo=0)                   0.000     0.000    rst_p
    K4                   IBUF (Prop_ibuf_I_O)         0.236     0.236 f  rst_p_IBUF_inst/O
                         net (fo=18, routed)          2.171     2.408    rst_p_IBUF
    SLICE_X1Y79          FDCE                                         f  count_reg[10]/CLR
  -------------------------------------------------------------------    -------------------

                         (clock clk_50mhz rise edge)
                                                      0.000     0.000 r  <hidden>
    B6                                                0.000     0.000 r  clk_50mhz
                         net (fo=0)                   0.000     0.000    clk_50mhz
    B6                   IBUF (Prop_ibuf_I_O)         0.456     0.456 r  clk_50mhz_IBUF_inst/O
                         net (fo=1, routed)           0.871     1.327    clk_50mhz_IBUF
    BUFGCTRL_X0Y16       BUFG (Prop_bufg_I_O)         0.029     1.356 r  clk_50mhz_IBUF_BUFG_inst/O
                         net (fo=18, routed)          0.863     2.218    clk_50mhz_IBUF_BUFG
    SLICE_X1Y79          FDCE                                         r  count_reg[10]/C

Slack:                    inf
  Source:                 rst_p
                            (input port)
  Destination:            count_reg[11]/CLR
                            (removal check against rising-edge clock clk_50mhz  {rise@0.000ns fall@10.000ns period=20.000ns})
  Path Group:             (none)
  Path Type:              Removal (Min at Fast Process Corner)
  Data Path Delay:        2.408ns  (logic 0.236ns (9.818%)  route 2.171ns (90.182%))
  Logic Levels:           1  (IBUF=1)
  Clock Path Skew:        2.218ns (DCD - SCD - CPR)
    Destination Clock Delay (DCD):    2.218ns
    Source Clock Delay      (SCD):    0.000ns
    Clock Pessimism Removal (CPR):    -0.000ns
  Timing Exception:       False Path

    Location             Delay type                Incr(ns)  Path(ns)    Netlist Resource(s)
  -------------------------------------------------------------------    -------------------
    K4                                                0.000     0.000 f  rst_p
                         net (fo=0)                   0.000     0.000    rst_p
    K4                   IBUF (Prop_ibuf_I_O)         0.236     0.236 f  rst_p_IBUF_inst/O
                         net (fo=18, routed)          2.171     2.408    rst_p_IBUF
    SLICE_X1Y79          FDCE                                         f  count_reg[11]/CLR
  -------------------------------------------------------------------    -------------------

                         (clock clk_50mhz rise edge)
                                                      0.000     0.000 r  <hidden>
    B6                                                0.000     0.000 r  clk_50mhz
                         net (fo=0)                   0.000     0.000    clk_50mhz
    B6                   IBUF (Prop_ibuf_I_O)         0.456     0.456 r  clk_50mhz_IBUF_inst/O
                         net (fo=1, routed)           0.871     1.327    clk_50mhz_IBUF
    BUFGCTRL_X0Y16       BUFG (Prop_bufg_I_O)         0.029     1.356 r  clk_50mhz_IBUF_BUFG_inst/O
                         net (fo=18, routed)          0.863     2.218    clk_50mhz_IBUF_BUFG
    SLICE_X1Y79          FDCE                                         r  count_reg[11]/C

Slack:                    inf
  Source:                 rst_p
                            (input port)
  Destination:            count_reg[12]/CLR
                            (removal check against rising-edge clock clk_50mhz  {rise@0.000ns fall@10.000ns period=20.000ns})
  Path Group:             (none)
  Path Type:              Removal (Min at Fast Process Corner)
  Data Path Delay:        2.415ns  (logic 0.236ns (9.788%)  route 2.178ns (90.212%))
  Logic Levels:           1  (IBUF=1)
  Clock Path Skew:        2.218ns (DCD - SCD - CPR)
    Destination Clock Delay (DCD):    2.218ns
    Source Clock Delay      (SCD):    0.000ns
    Clock Pessimism Removal (CPR):    -0.000ns
  Timing Exception:       False Path

    Location             Delay type                Incr(ns)  Path(ns)    Netlist Resource(s)
  -------------------------------------------------------------------    -------------------
    K4                                                0.000     0.000 f  rst_p
                         net (fo=0)                   0.000     0.000    rst_p
    K4                   IBUF (Prop_ibuf_I_O)         0.236     0.236 f  rst_p_IBUF_inst/O
                         net (fo=18, routed)          2.178     2.415    rst_p_IBUF
    SLICE_X2Y79          FDCE                                         f  count_reg[12]/CLR
  -------------------------------------------------------------------    -------------------

                         (clock clk_50mhz rise edge)
                                                      0.000     0.000 r  <hidden>
    B6                                                0.000     0.000 r  clk_50mhz
                         net (fo=0)                   0.000     0.000    clk_50mhz
    B6                   IBUF (Prop_ibuf_I_O)         0.456     0.456 r  clk_50mhz_IBUF_inst/O
                         net (fo=1, routed)           0.871     1.327    clk_50mhz_IBUF
    BUFGCTRL_X0Y16       BUFG (Prop_bufg_I_O)         0.029     1.356 r  clk_50mhz_IBUF_BUFG_inst/O
                         net (fo=18, routed)          0.863     2.218    clk_50mhz_IBUF_BUFG
    SLICE_X2Y79          FDCE                                         r  count_reg[12]/C

Slack:                    inf
  Source:                 rst_p
                            (input port)
  Destination:            count_reg[9]/CLR
                            (removal check against rising-edge clock clk_50mhz  {rise@0.000ns fall@10.000ns period=20.000ns})
  Path Group:             (none)
  Path Type:              Removal (Min at Fast Process Corner)
  Data Path Delay:        2.415ns  (logic 0.236ns (9.788%)  route 2.178ns (90.212%))
  Logic Levels:           1  (IBUF=1)
  Clock Path Skew:        2.218ns (DCD - SCD - CPR)
    Destination Clock Delay (DCD):    2.218ns
    Source Clock Delay      (SCD):    0.000ns
    Clock Pessimism Removal (CPR):    -0.000ns
  Timing Exception:       False Path

    Location             Delay type                Incr(ns)  Path(ns)    Netlist Resource(s)
  -------------------------------------------------------------------    -------------------
    K4                                                0.000     0.000 f  rst_p
                         net (fo=0)                   0.000     0.000    rst_p
    K4                   IBUF (Prop_ibuf_I_O)         0.236     0.236 f  rst_p_IBUF_inst/O
                         net (fo=18, routed)          2.178     2.415    rst_p_IBUF
    SLICE_X2Y79          FDCE                                         f  count_reg[9]/CLR
  -------------------------------------------------------------------    -------------------

                         (clock clk_50mhz rise edge)
                                                      0.000     0.000 r  <hidden>
    B6                                                0.000     0.000 r  clk_50mhz
                         net (fo=0)                   0.000     0.000    clk_50mhz
    B6                   IBUF (Prop_ibuf_I_O)         0.456     0.456 r  clk_50mhz_IBUF_inst/O
                         net (fo=1, routed)           0.871     1.327    clk_50mhz_IBUF
    BUFGCTRL_X0Y16       BUFG (Prop_bufg_I_O)         0.029     1.356 r  clk_50mhz_IBUF_BUFG_inst/O
                         net (fo=18, routed)          0.863     2.218    clk_50mhz_IBUF_BUFG
    SLICE_X2Y79          FDCE                                         r  count_reg[9]/C

Slack:                    inf
  Source:                 rst_p
                            (input port)
  Destination:            piezo_reg/CLR
                            (removal check against rising-edge clock clk_50mhz  {rise@0.000ns fall@10.000ns period=20.000ns})
  Path Group:             (none)
  Path Type:              Removal (Min at Fast Process Corner)
  Data Path Delay:        2.415ns  (logic 0.236ns (9.788%)  route 2.178ns (90.212%))
  Logic Levels:           1  (IBUF=1)
  Clock Path Skew:        2.218ns (DCD - SCD - CPR)
    Destination Clock Delay (DCD):    2.218ns
    Source Clock Delay      (SCD):    0.000ns
    Clock Pessimism Removal (CPR):    -0.000ns
  Timing Exception:       False Path

    Location             Delay type                Incr(ns)  Path(ns)    Netlist Resource(s)
  -------------------------------------------------------------------    -------------------
    K4                                                0.000     0.000 f  rst_p
                         net (fo=0)                   0.000     0.000    rst_p
    K4                   IBUF (Prop_ibuf_I_O)         0.236     0.236 f  rst_p_IBUF_inst/O
                         net (fo=18, routed)          2.178     2.415    rst_p_IBUF
    SLICE_X2Y79          FDCE                                         f  piezo_reg/CLR
  -------------------------------------------------------------------    -------------------

                         (clock clk_50mhz rise edge)
                                                      0.000     0.000 r  <hidden>
    B6                                                0.000     0.000 r  clk_50mhz
                         net (fo=0)                   0.000     0.000    clk_50mhz
    B6                   IBUF (Prop_ibuf_I_O)         0.456     0.456 r  clk_50mhz_IBUF_inst/O
                         net (fo=1, routed)           0.871     1.327    clk_50mhz_IBUF
    BUFGCTRL_X0Y16       BUFG (Prop_bufg_I_O)         0.029     1.356 r  clk_50mhz_IBUF_BUFG_inst/O
                         net (fo=18, routed)          0.863     2.218    clk_50mhz_IBUF_BUFG
    SLICE_X2Y79          FDCE                                         r  piezo_reg/C

Slack:                    inf
  Source:                 rst_p
                            (input port)
  Destination:            count_reg[4]/CLR
                            (removal check against rising-edge clock clk_50mhz  {rise@0.000ns fall@10.000ns period=20.000ns})
  Path Group:             (none)
  Path Type:              Removal (Min at Fast Process Corner)
  Data Path Delay:        2.456ns  (logic 0.236ns (9.626%)  route 2.219ns (90.374%))
  Logic Levels:           1  (IBUF=1)
  Clock Path Skew:        2.216ns (DCD - SCD - CPR)
    Destination Clock Delay (DCD):    2.216ns
    Source Clock Delay      (SCD):    0.000ns
    Clock Pessimism Removal (CPR):    -0.000ns
  Timing Exception:       False Path

    Location             Delay type                Incr(ns)  Path(ns)    Netlist Resource(s)
  -------------------------------------------------------------------    -------------------
    K4                                                0.000     0.000 f  rst_p
                         net (fo=0)                   0.000     0.000    rst_p
    K4                   IBUF (Prop_ibuf_I_O)         0.236     0.236 f  rst_p_IBUF_inst/O
                         net (fo=18, routed)          2.219     2.456    rst_p_IBUF
    SLICE_X2Y77          FDCE                                         f  count_reg[4]/CLR
  -------------------------------------------------------------------    -------------------

                         (clock clk_50mhz rise edge)
                                                      0.000     0.000 r  <hidden>
    B6                                                0.000     0.000 r  clk_50mhz
                         net (fo=0)                   0.000     0.000    clk_50mhz
    B6                   IBUF (Prop_ibuf_I_O)         0.456     0.456 r  clk_50mhz_IBUF_inst/O
                         net (fo=1, routed)           0.871     1.327    clk_50mhz_IBUF
    BUFGCTRL_X0Y16       BUFG (Prop_bufg_I_O)         0.029     1.356 r  clk_50mhz_IBUF_BUFG_inst/O
                         net (fo=18, routed)          0.861     2.216    clk_50mhz_IBUF_BUFG
    SLICE_X2Y77          FDCE                                         r  count_reg[4]/C

Slack:                    inf
  Source:                 rst_p
                            (input port)
  Destination:            count_reg[0]/CLR
                            (removal check against rising-edge clock clk_50mhz  {rise@0.000ns fall@10.000ns period=20.000ns})
  Path Group:             (none)
  Path Type:              Removal (Min at Fast Process Corner)
  Data Path Delay:        2.482ns  (logic 0.236ns (9.524%)  route 2.245ns (90.476%))
  Logic Levels:           1  (IBUF=1)
  Clock Path Skew:        2.217ns (DCD - SCD - CPR)
    Destination Clock Delay (DCD):    2.217ns
    Source Clock Delay      (SCD):    0.000ns
    Clock Pessimism Removal (CPR):    -0.000ns
  Timing Exception:       False Path

    Location             Delay type                Incr(ns)  Path(ns)    Netlist Resource(s)
  -------------------------------------------------------------------    -------------------
    K4                                                0.000     0.000 f  rst_p
                         net (fo=0)                   0.000     0.000    rst_p
    K4                   IBUF (Prop_ibuf_I_O)         0.236     0.236 f  rst_p_IBUF_inst/O
                         net (fo=18, routed)          2.245     2.482    rst_p_IBUF
    SLICE_X1Y78          FDCE                                         f  count_reg[0]/CLR
  -------------------------------------------------------------------    -------------------

                         (clock clk_50mhz rise edge)
                                                      0.000     0.000 r  <hidden>
    B6                                                0.000     0.000 r  clk_50mhz
                         net (fo=0)                   0.000     0.000    clk_50mhz
    B6                   IBUF (Prop_ibuf_I_O)         0.456     0.456 r  clk_50mhz_IBUF_inst/O
                         net (fo=1, routed)           0.871     1.327    clk_50mhz_IBUF
    BUFGCTRL_X0Y16       BUFG (Prop_bufg_I_O)         0.029     1.356 r  clk_50mhz_IBUF_BUFG_inst/O
                         net (fo=18, routed)          0.862     2.217    clk_50mhz_IBUF_BUFG
    SLICE_X1Y78          FDCE                                         r  count_reg[0]/C

Slack:                    inf
  Source:                 rst_p
                            (input port)
  Destination:            count_reg[5]/CLR
                            (removal check against rising-edge clock clk_50mhz  {rise@0.000ns fall@10.000ns period=20.000ns})
  Path Group:             (none)
  Path Type:              Removal (Min at Fast Process Corner)
  Data Path Delay:        2.482ns  (logic 0.236ns (9.524%)  route 2.245ns (90.476%))
  Logic Levels:           1  (IBUF=1)
  Clock Path Skew:        2.217ns (DCD - SCD - CPR)
    Destination Clock Delay (DCD):    2.217ns
    Source Clock Delay      (SCD):    0.000ns
    Clock Pessimism Removal (CPR):    -0.000ns
  Timing Exception:       False Path

    Location             Delay type                Incr(ns)  Path(ns)    Netlist Resource(s)
  -------------------------------------------------------------------    -------------------
    K4                                                0.000     0.000 f  rst_p
                         net (fo=0)                   0.000     0.000    rst_p
    K4                   IBUF (Prop_ibuf_I_O)         0.236     0.236 f  rst_p_IBUF_inst/O
                         net (fo=18, routed)          2.245     2.482    rst_p_IBUF
    SLICE_X1Y78          FDCE                                         f  count_reg[5]/CLR
  -------------------------------------------------------------------    -------------------

                         (clock clk_50mhz rise edge)
                                                      0.000     0.000 r  <hidden>
    B6                                                0.000     0.000 r  clk_50mhz
                         net (fo=0)                   0.000     0.000    clk_50mhz
    B6                   IBUF (Prop_ibuf_I_O)         0.456     0.456 r  clk_50mhz_IBUF_inst/O
                         net (fo=1, routed)           0.871     1.327    clk_50mhz_IBUF
    BUFGCTRL_X0Y16       BUFG (Prop_bufg_I_O)         0.029     1.356 r  clk_50mhz_IBUF_BUFG_inst/O
                         net (fo=18, routed)          0.862     2.217    clk_50mhz_IBUF_BUFG
    SLICE_X1Y78          FDCE                                         r  count_reg[5]/C

Slack:                    inf
  Source:                 rst_p
                            (input port)
  Destination:            count_reg[7]/CLR
                            (removal check against rising-edge clock clk_50mhz  {rise@0.000ns fall@10.000ns period=20.000ns})
  Path Group:             (none)
  Path Type:              Removal (Min at Fast Process Corner)
  Data Path Delay:        2.482ns  (logic 0.236ns (9.524%)  route 2.245ns (90.476%))
  Logic Levels:           1  (IBUF=1)
  Clock Path Skew:        2.217ns (DCD - SCD - CPR)
    Destination Clock Delay (DCD):    2.217ns
    Source Clock Delay      (SCD):    0.000ns
    Clock Pessimism Removal (CPR):    -0.000ns
  Timing Exception:       False Path

    Location             Delay type                Incr(ns)  Path(ns)    Netlist Resource(s)
  -------------------------------------------------------------------    -------------------
    K4                                                0.000     0.000 f  rst_p
                         net (fo=0)                   0.000     0.000    rst_p
    K4                   IBUF (Prop_ibuf_I_O)         0.236     0.236 f  rst_p_IBUF_inst/O
                         net (fo=18, routed)          2.245     2.482    rst_p_IBUF
    SLICE_X1Y78          FDCE                                         f  count_reg[7]/CLR
  -------------------------------------------------------------------    -------------------

                         (clock clk_50mhz rise edge)
                                                      0.000     0.000 r  <hidden>
    B6                                                0.000     0.000 r  clk_50mhz
                         net (fo=0)                   0.000     0.000    clk_50mhz
    B6                   IBUF (Prop_ibuf_I_O)         0.456     0.456 r  clk_50mhz_IBUF_inst/O
                         net (fo=1, routed)           0.871     1.327    clk_50mhz_IBUF
    BUFGCTRL_X0Y16       BUFG (Prop_bufg_I_O)         0.029     1.356 r  clk_50mhz_IBUF_BUFG_inst/O
                         net (fo=18, routed)          0.862     2.217    clk_50mhz_IBUF_BUFG
    SLICE_X1Y78          FDCE                                         r  count_reg[7]/C

Slack:                    inf
  Source:                 rst_p
                            (input port)
  Destination:            count_reg[8]/CLR
                            (removal check against rising-edge clock clk_50mhz  {rise@0.000ns fall@10.000ns period=20.000ns})
  Path Group:             (none)
  Path Type:              Removal (Min at Fast Process Corner)
  Data Path Delay:        2.482ns  (logic 0.236ns (9.524%)  route 2.245ns (90.476%))
  Logic Levels:           1  (IBUF=1)
  Clock Path Skew:        2.217ns (DCD - SCD - CPR)
    Destination Clock Delay (DCD):    2.217ns
    Source Clock Delay      (SCD):    0.000ns
    Clock Pessimism Removal (CPR):    -0.000ns
  Timing Exception:       False Path

    Location             Delay type                Incr(ns)  Path(ns)    Netlist Resource(s)
  -------------------------------------------------------------------    -------------------
    K4                                                0.000     0.000 f  rst_p
                         net (fo=0)                   0.000     0.000    rst_p
    K4                   IBUF (Prop_ibuf_I_O)         0.236     0.236 f  rst_p_IBUF_inst/O
                         net (fo=18, routed)          2.245     2.482    rst_p_IBUF
    SLICE_X1Y78          FDCE                                         f  count_reg[8]/CLR
  -------------------------------------------------------------------    -------------------

                         (clock clk_50mhz rise edge)
                                                      0.000     0.000 r  <hidden>
    B6                                                0.000     0.000 r  clk_50mhz
                         net (fo=0)                   0.000     0.000    clk_50mhz
    B6                   IBUF (Prop_ibuf_I_O)         0.456     0.456 r  clk_50mhz_IBUF_inst/O
                         net (fo=1, routed)           0.871     1.327    clk_50mhz_IBUF
    BUFGCTRL_X0Y16       BUFG (Prop_bufg_I_O)         0.029     1.356 r  clk_50mhz_IBUF_BUFG_inst/O
                         net (fo=18, routed)          0.862     2.217    clk_50mhz_IBUF_BUFG
    SLICE_X1Y78          FDCE                                         r  count_reg[8]/C





--------------------------------------------------------------------------------------
Path Group:  (none)
From Clock:  clk_50mhz
  To Clock:  

Max Delay             1 Endpoint
Min Delay             1 Endpoint
--------------------------------------------------------------------------------------


Max Delay Paths
--------------------------------------------------------------------------------------
Slack:                    inf
  Source:                 piezo_reg/C
                            (rising edge-triggered cell FDCE clocked by clk_50mhz  {rise@0.000ns fall@10.000ns period=20.000ns})
  Destination:            piezo
                            (output port)
  Path Group:             (none)
  Path Type:              Max at Slow Process Corner
  Data Path Delay:        5.772ns  (logic 4.100ns (71.020%)  route 1.673ns (28.980%))
  Logic Levels:           1  (OBUF=1)
  Clock Uncertainty:      0.025ns  ((TSJ^2 + TIJ^2)^1/2 + DJ) / 2 + PE
    Total System Jitter     (TSJ):    0.050ns
    Total Input Jitter      (TIJ):    0.000ns
    Discrete Jitter          (DJ):    0.000ns
    Phase Error              (PE):    0.000ns

    Location             Delay type                Incr(ns)  Path(ns)    Netlist Resource(s)
  -------------------------------------------------------------------    -------------------
                         (clock clk_50mhz rise edge)
                                                      0.000     0.000 r  <hidden>
    B6                                                0.000     0.000 r  clk_50mhz
                         net (fo=0)                   0.000     0.000    clk_50mhz
    B6                   IBUF (Prop_ibuf_I_O)         1.500     1.500 r  clk_50mhz_IBUF_inst/O
                         net (fo=1, routed)           2.315     3.815    clk_50mhz_IBUF
    BUFGCTRL_X0Y16       BUFG (Prop_bufg_I_O)         0.096     3.911 r  clk_50mhz_IBUF_BUFG_inst/O
                         net (fo=18, routed)          1.706     5.618    clk_50mhz_IBUF_BUFG
    SLICE_X2Y79          FDCE                                         r  piezo_reg/C
  -------------------------------------------------------------------    -------------------
    SLICE_X2Y79          FDCE (Prop_fdce_C_Q)         0.518     6.136 r  piezo_reg/Q
                         net (fo=2, routed)           1.673     7.809    piezo_OBUF
    Y21                  OBUF (Prop_obuf_I_O)         3.582    11.390 r  piezo_OBUF_inst/O
                         net (fo=0)                   0.000    11.390    piezo
    Y21                                                               r  piezo
  -------------------------------------------------------------------    -------------------





Min Delay Paths
--------------------------------------------------------------------------------------
Slack:                    inf
  Source:                 piezo_reg/C
                            (rising edge-triggered cell FDCE clocked by clk_50mhz  {rise@0.000ns fall@10.000ns period=20.000ns})
  Destination:            piezo
                            (output port)
  Path Group:             (none)
  Path Type:              Min at Fast Process Corner
  Data Path Delay:        1.784ns  (logic 1.446ns (81.059%)  route 0.338ns (18.941%))
  Logic Levels:           1  (OBUF=1)
  Clock Uncertainty:      0.025ns  ((TSJ^2 + TIJ^2)^1/2 + DJ) / 2 + PE
    Total System Jitter     (TSJ):    0.050ns
    Total Input Jitter      (TIJ):    0.000ns
    Discrete Jitter          (DJ):    0.000ns
    Phase Error              (PE):    0.000ns

    Location             Delay type                Incr(ns)  Path(ns)    Netlist Resource(s)
  -------------------------------------------------------------------    -------------------
                         (clock clk_50mhz rise edge)
                                                      0.000     0.000 r  <hidden>
    B6                                                0.000     0.000 r  clk_50mhz
                         net (fo=0)                   0.000     0.000    clk_50mhz
    B6                   IBUF (Prop_ibuf_I_O)         0.268     0.268 r  clk_50mhz_IBUF_inst/O
                         net (fo=1, routed)           0.808     1.075    clk_50mhz_IBUF
    BUFGCTRL_X0Y16       BUFG (Prop_bufg_I_O)         0.026     1.101 r  clk_50mhz_IBUF_BUFG_inst/O
                         net (fo=18, routed)          0.593     1.694    clk_50mhz_IBUF_BUFG
    SLICE_X2Y79          FDCE                                         r  piezo_reg/C
  -------------------------------------------------------------------    -------------------
    SLICE_X2Y79          FDCE (Prop_fdce_C_Q)         0.164     1.858 r  piezo_reg/Q
                         net (fo=2, routed)           0.338     2.196    piezo_OBUF
    Y21                  OBUF (Prop_obuf_I_O)         1.282     3.478 r  piezo_OBUF_inst/O
                         net (fo=0)                   0.000     3.478    piezo
    Y21                                                               r  piezo
  -------------------------------------------------------------------    -------------------





